dataset,record_id,reason_code,action,detail
borrowers,BRW0007169,EXACT_DUPLICATE,REJECT,Exact duplicate borrower snapshot removed.
borrowers,BRW0006056,EXACT_DUPLICATE,REJECT,Exact duplicate borrower snapshot removed.
borrowers,BRW0011951,EXACT_DUPLICATE,REJECT,Exact duplicate borrower snapshot removed.
borrowers,BRW0001711,EXACT_DUPLICATE,REJECT,Exact duplicate borrower snapshot removed.
borrowers,BRW0006587,EXACT_DUPLICATE,REJECT,Exact duplicate borrower snapshot removed.
borrowers,BRW0011415,EXACT_DUPLICATE,REJECT,Exact duplicate borrower snapshot removed.
borrowers,BRW0005887,EXACT_DUPLICATE,REJECT,Exact duplicate borrower snapshot removed.
borrowers,BRW0009791,EXACT_DUPLICATE,REJECT,Exact duplicate borrower snapshot removed.
borrowers,BRW0008660,EXACT_DUPLICATE,REJECT,Exact duplicate borrower snapshot removed.
borrowers,BRW0009511,EXACT_DUPLICATE,REJECT,Exact duplicate borrower snapshot removed.
borrowers,BRW0004302,EXACT_DUPLICATE,REJECT,Exact duplicate borrower snapshot removed.
borrowers,BRW0001066,EXACT_DUPLICATE,REJECT,Exact duplicate borrower snapshot removed.
borrowers,BRW0007409,EXACT_DUPLICATE,REJECT,Exact duplicate borrower snapshot removed.
borrowers,BRW0010790,EXACT_DUPLICATE,REJECT,Exact duplicate borrower snapshot removed.
borrowers,BRW0000898,EXACT_DUPLICATE,REJECT,Exact duplicate borrower snapshot removed.
borrowers,BRW0004229,EXACT_DUPLICATE,REJECT,Exact duplicate borrower snapshot removed.
borrowers,BRW0002637,EXACT_DUPLICATE,REJECT,Exact duplicate borrower snapshot removed.
borrowers,BRW0000301,EXACT_DUPLICATE,REJECT,Exact duplicate borrower snapshot removed.
borrowers,BRW0003765,EXACT_DUPLICATE,REJECT,Exact duplicate borrower snapshot removed.
borrowers,BRW0009930,EXACT_DUPLICATE,REJECT,Exact duplicate borrower snapshot removed.
borrowers,BRW0010374,EXACT_DUPLICATE,REJECT,Exact duplicate borrower snapshot removed.
borrowers,BRW0005131,EXACT_DUPLICATE,REJECT,Exact duplicate borrower snapshot removed.
borrowers,BRW0002310,EXACT_DUPLICATE,REJECT,Exact duplicate borrower snapshot removed.
borrowers,BRW0004193,EXACT_DUPLICATE,REJECT,Exact duplicate borrower snapshot removed.
borrowers,BRW0008286,EXACT_DUPLICATE,REJECT,Exact duplicate borrower snapshot removed.
borrowers,BRW0008746,EXACT_DUPLICATE,REJECT,Exact duplicate borrower snapshot removed.
borrowers,BRW0011117,EXACT_DUPLICATE,REJECT,Exact duplicate borrower snapshot removed.
borrowers,BRW0007021,EXACT_DUPLICATE,REJECT,Exact duplicate borrower snapshot removed.
borrowers,BRW0006000,EXACT_DUPLICATE,REJECT,Exact duplicate borrower snapshot removed.
borrowers,BRW0002951,EXACT_DUPLICATE,REJECT,Exact duplicate borrower snapshot removed.
borrowers,BRW0009787,EXACT_DUPLICATE,REJECT,Exact duplicate borrower snapshot removed.
borrowers,BRW0004843,EXACT_DUPLICATE,REJECT,Exact duplicate borrower snapshot removed.
borrowers,BRW0007214,EXACT_DUPLICATE,REJECT,Exact duplicate borrower snapshot removed.
borrowers,BRW0004069,EXACT_DUPLICATE,REJECT,Exact duplicate borrower snapshot removed.
borrowers,BRW0008029,EXACT_DUPLICATE,REJECT,Exact duplicate borrower snapshot removed.
borrowers,BRW0010585,EXACT_DUPLICATE,REJECT,Exact duplicate borrower snapshot removed.
borrowers,BRW0008312,EXACT_DUPLICATE,REJECT,Exact duplicate borrower snapshot removed.
borrowers,BRW0000196,EXACT_DUPLICATE,REJECT,Exact duplicate borrower snapshot removed.
borrowers,BRW0007769,EXACT_DUPLICATE,REJECT,Exact duplicate borrower snapshot removed.
borrowers,BRW0005190,EXACT_DUPLICATE,REJECT,Exact duplicate borrower snapshot removed.
borrowers,BRW0006181,EXACT_DUPLICATE,REJECT,Exact duplicate borrower snapshot removed.
borrowers,BRW0011446,EXACT_DUPLICATE,REJECT,Exact duplicate borrower snapshot removed.
borrowers,BRW0011312,EXACT_DUPLICATE,REJECT,Exact duplicate borrower snapshot removed.
borrowers,BRW0003859,EXACT_DUPLICATE,REJECT,Exact duplicate borrower snapshot removed.
borrowers,BRW0006680,EXACT_DUPLICATE,REJECT,Exact duplicate borrower snapshot removed.
borrowers,BRW0005658,EXACT_DUPLICATE,REJECT,Exact duplicate borrower snapshot removed.
borrowers,BRW0010295,EXACT_DUPLICATE,REJECT,Exact duplicate borrower snapshot removed.
borrowers,BRW0001386,EXACT_DUPLICATE,REJECT,Exact duplicate borrower snapshot removed.
borrowers,BRW0006250,EXACT_DUPLICATE,REJECT,Exact duplicate borrower snapshot removed.
borrowers,BRW0004880,EXACT_DUPLICATE,REJECT,Exact duplicate borrower snapshot removed.
borrowers,BRW0009598,EXACT_DUPLICATE,REJECT,Exact duplicate borrower snapshot removed.
borrowers,BRW0007578,EXACT_DUPLICATE,REJECT,Exact duplicate borrower snapshot removed.
borrowers,BRW0007235,EXACT_DUPLICATE,REJECT,Exact duplicate borrower snapshot removed.
borrowers,BRW0010565,EXACT_DUPLICATE,REJECT,Exact duplicate borrower snapshot removed.
borrowers,BRW0006065,EXACT_DUPLICATE,REJECT,Exact duplicate borrower snapshot removed.
borrowers,BRW0003156,EXACT_DUPLICATE,REJECT,Exact duplicate borrower snapshot removed.
borrowers,BRW0003505,EXACT_DUPLICATE,REJECT,Exact duplicate borrower snapshot removed.
borrowers,BRW0010304,EXACT_DUPLICATE,REJECT,Exact duplicate borrower snapshot removed.
borrowers,BRW0008334,EXACT_DUPLICATE,REJECT,Exact duplicate borrower snapshot removed.
borrowers,BRW0009215,EXACT_DUPLICATE,REJECT,Exact duplicate borrower snapshot removed.
borrowers,BRW0005326,EXACT_DUPLICATE,REJECT,Exact duplicate borrower snapshot removed.
borrowers,BRW0011852,EXACT_DUPLICATE,REJECT,Exact duplicate borrower snapshot removed.
borrowers,BRW0004577,EXACT_DUPLICATE,REJECT,Exact duplicate borrower snapshot removed.
borrowers,BRW0010117,EXACT_DUPLICATE,REJECT,Exact duplicate borrower snapshot removed.
borrowers,BRW0000443,EXACT_DUPLICATE,REJECT,Exact duplicate borrower snapshot removed.
borrowers,BRW0010843,EXACT_DUPLICATE,REJECT,Exact duplicate borrower snapshot removed.
borrowers,BRW0009521,EXACT_DUPLICATE,REJECT,Exact duplicate borrower snapshot removed.
borrowers,BRW0008541,EXACT_DUPLICATE,REJECT,Exact duplicate borrower snapshot removed.
borrowers,BRW0007683,EXACT_DUPLICATE,REJECT,Exact duplicate borrower snapshot removed.
borrowers,BRW0004239,EXACT_DUPLICATE,REJECT,Exact duplicate borrower snapshot removed.
borrowers,BRW0008597,EXACT_DUPLICATE,REJECT,Exact duplicate borrower snapshot removed.
borrowers,BRW0002229,EXACT_DUPLICATE,REJECT,Exact duplicate borrower snapshot removed.
borrowers,BRW0011190,EXACT_DUPLICATE,REJECT,Exact duplicate borrower snapshot removed.
borrowers,BRW0010378,EXACT_DUPLICATE,REJECT,Exact duplicate borrower snapshot removed.
borrowers,BRW0007362,EXACT_DUPLICATE,REJECT,Exact duplicate borrower snapshot removed.
borrowers,BRW0003720,EXACT_DUPLICATE,REJECT,Exact duplicate borrower snapshot removed.
borrowers,BRW0000638,EXACT_DUPLICATE,REJECT,Exact duplicate borrower snapshot removed.
borrowers,BRW0010702,EXACT_DUPLICATE,REJECT,Exact duplicate borrower snapshot removed.
borrowers,BRW0010437,EXACT_DUPLICATE,REJECT,Exact duplicate borrower snapshot removed.
borrowers,BRW0007868,EXACT_DUPLICATE,REJECT,Exact duplicate borrower snapshot removed.
borrowers,BRW0001779,EXACT_DUPLICATE,REJECT,Exact duplicate borrower snapshot removed.
borrowers,BRW0004704,EXACT_DUPLICATE,REJECT,Exact duplicate borrower snapshot removed.
borrowers,BRW0004506,EXACT_DUPLICATE,REJECT,Exact duplicate borrower snapshot removed.
borrowers,BRW0009153,EXACT_DUPLICATE,REJECT,Exact duplicate borrower snapshot removed.
borrowers,BRW0007362,EXACT_DUPLICATE,REJECT,Exact duplicate borrower snapshot removed.
borrowers,BRW0000298,EXACT_DUPLICATE,REJECT,Exact duplicate borrower snapshot removed.
borrowers,BRW0006972,EXACT_DUPLICATE,REJECT,Exact duplicate borrower snapshot removed.
borrowers,BRW0009849,EXACT_DUPLICATE,REJECT,Exact duplicate borrower snapshot removed.
borrowers,BRW0003806,EXACT_DUPLICATE,REJECT,Exact duplicate borrower snapshot removed.
borrowers,BRW0011408,EXACT_DUPLICATE,REJECT,Exact duplicate borrower snapshot removed.
borrowers,BRW0011423,EXACT_DUPLICATE,REJECT,Exact duplicate borrower snapshot removed.
borrowers,BRW0008176,EXACT_DUPLICATE,REJECT,Exact duplicate borrower snapshot removed.
borrowers,BRW0003834,EXACT_DUPLICATE,REJECT,Exact duplicate borrower snapshot removed.
borrowers,BRW0010931,EXACT_DUPLICATE,REJECT,Exact duplicate borrower snapshot removed.
borrowers,BRW0006601,EXACT_DUPLICATE,REJECT,Exact duplicate borrower snapshot removed.
borrowers,BRW0010815,EXACT_DUPLICATE,REJECT,Exact duplicate borrower snapshot removed.
borrowers,BRW0000441,EXACT_DUPLICATE,REJECT,Exact duplicate borrower snapshot removed.
borrowers,BRW0011763,EXACT_DUPLICATE,REJECT,Exact duplicate borrower snapshot removed.
borrowers,BRW0006481,EXACT_DUPLICATE,REJECT,Exact duplicate borrower snapshot removed.
borrowers,BRW0008470,EXACT_DUPLICATE,REJECT,Exact duplicate borrower snapshot removed.
borrowers,BRW0011413,EXACT_DUPLICATE,REJECT,Exact duplicate borrower snapshot removed.
borrowers,BRW0002147,EXACT_DUPLICATE,REJECT,Exact duplicate borrower snapshot removed.
borrowers,BRW0007934,EXACT_DUPLICATE,REJECT,Exact duplicate borrower snapshot removed.
borrowers,BRW0000594,EXACT_DUPLICATE,REJECT,Exact duplicate borrower snapshot removed.
borrowers,BRW0011926,EXACT_DUPLICATE,REJECT,Exact duplicate borrower snapshot removed.
borrowers,BRW0000178,EXACT_DUPLICATE,REJECT,Exact duplicate borrower snapshot removed.
borrowers,BRW0003803,EXACT_DUPLICATE,REJECT,Exact duplicate borrower snapshot removed.
borrowers,BRW0001507,EXACT_DUPLICATE,REJECT,Exact duplicate borrower snapshot removed.
borrowers,BRW0003309,EXACT_DUPLICATE,REJECT,Exact duplicate borrower snapshot removed.
borrowers,BRW0000521,EXACT_DUPLICATE,REJECT,Exact duplicate borrower snapshot removed.
borrowers,BRW0004068,EXACT_DUPLICATE,REJECT,Exact duplicate borrower snapshot removed.
borrowers,BRW0005635,EXACT_DUPLICATE,REJECT,Exact duplicate borrower snapshot removed.
borrowers,BRW0002986,EXACT_DUPLICATE,REJECT,Exact duplicate borrower snapshot removed.
borrowers,BRW0004554,EXACT_DUPLICATE,REJECT,Exact duplicate borrower snapshot removed.
borrowers,BRW0000686,EXACT_DUPLICATE,REJECT,Exact duplicate borrower snapshot removed.
borrowers,BRW0005997,EXACT_DUPLICATE,REJECT,Exact duplicate borrower snapshot removed.
borrowers,BRW0010362,EXACT_DUPLICATE,REJECT,Exact duplicate borrower snapshot removed.
borrowers,BRW0002738,EXACT_DUPLICATE,REJECT,Exact duplicate borrower snapshot removed.
borrowers,BRW0005337,EXACT_DUPLICATE,REJECT,Exact duplicate borrower snapshot removed.
borrowers,BRW0009981,EXACT_DUPLICATE,REJECT,Exact duplicate borrower snapshot removed.
borrowers,BRW0007513,EXACT_DUPLICATE,REJECT,Exact duplicate borrower snapshot removed.
borrowers,BRW0007903,EXACT_DUPLICATE,REJECT,Exact duplicate borrower snapshot removed.
borrowers,BRW0010395,EXACT_DUPLICATE,REJECT,Exact duplicate borrower snapshot removed.
borrowers,BRW0007121,EXACT_DUPLICATE,REJECT,Exact duplicate borrower snapshot removed.
borrowers,BRW0006497,EXACT_DUPLICATE,REJECT,Exact duplicate borrower snapshot removed.
borrowers,BRW0011897,EXACT_DUPLICATE,REJECT,Exact duplicate borrower snapshot removed.
borrowers,BRW0001065,EXACT_DUPLICATE,REJECT,Exact duplicate borrower snapshot removed.
borrowers,BRW0005872,EXACT_DUPLICATE,REJECT,Exact duplicate borrower snapshot removed.
borrowers,BRW0007659,EXACT_DUPLICATE,REJECT,Exact duplicate borrower snapshot removed.
borrowers,BRW0001419,EXACT_DUPLICATE,REJECT,Exact duplicate borrower snapshot removed.
borrowers,BRW0005065,EXACT_DUPLICATE,REJECT,Exact duplicate borrower snapshot removed.
borrowers,BRW0005414,EXACT_DUPLICATE,REJECT,Exact duplicate borrower snapshot removed.
borrowers,BRW0011160,EXACT_DUPLICATE,REJECT,Exact duplicate borrower snapshot removed.
borrowers,BRW0003863,EXACT_DUPLICATE,REJECT,Exact duplicate borrower snapshot removed.
borrowers,BRW0004571,EXACT_DUPLICATE,REJECT,Exact duplicate borrower snapshot removed.
borrowers,BRW0000800,EXACT_DUPLICATE,REJECT,Exact duplicate borrower snapshot removed.
borrowers,BRW0010927,EXACT_DUPLICATE,REJECT,Exact duplicate borrower snapshot removed.
borrowers,BRW0001209,EXACT_DUPLICATE,REJECT,Exact duplicate borrower snapshot removed.
borrowers,BRW0000839,EXACT_DUPLICATE,REJECT,Exact duplicate borrower snapshot removed.
borrowers,BRW0003554,EXACT_DUPLICATE,REJECT,Exact duplicate borrower snapshot removed.
borrowers,BRW0000414,EXACT_DUPLICATE,REJECT,Exact duplicate borrower snapshot removed.
borrowers,BRW0000256,EXACT_DUPLICATE,REJECT,Exact duplicate borrower snapshot removed.
borrowers,BRW0003288,EXACT_DUPLICATE,REJECT,Exact duplicate borrower snapshot removed.
borrowers,BRW0011260,EXACT_DUPLICATE,REJECT,Exact duplicate borrower snapshot removed.
borrowers,BRW0003234,EXACT_DUPLICATE,REJECT,Exact duplicate borrower snapshot removed.
borrowers,BRW0005045,EXACT_DUPLICATE,REJECT,Exact duplicate borrower snapshot removed.
borrowers,BRW0001189,EXACT_DUPLICATE,REJECT,Exact duplicate borrower snapshot removed.
borrowers,BRW0010173,EXACT_DUPLICATE,REJECT,Exact duplicate borrower snapshot removed.
borrowers,BRW0009556,EXACT_DUPLICATE,REJECT,Exact duplicate borrower snapshot removed.
borrowers,BRW0007704,EXACT_DUPLICATE,REJECT,Exact duplicate borrower snapshot removed.
borrowers,BRW0007467,EXACT_DUPLICATE,REJECT,Exact duplicate borrower snapshot removed.
borrowers,BRW0011369,EXACT_DUPLICATE,REJECT,Exact duplicate borrower snapshot removed.
borrowers,BRW0003190,EXACT_DUPLICATE,REJECT,Exact duplicate borrower snapshot removed.
borrowers,BRW0002685,EXACT_DUPLICATE,REJECT,Exact duplicate borrower snapshot removed.
borrowers,BRW0001959,EXACT_DUPLICATE,REJECT,Exact duplicate borrower snapshot removed.
borrowers,BRW0007335,EXACT_DUPLICATE,REJECT,Exact duplicate borrower snapshot removed.
borrowers,BRW0009600,EXACT_DUPLICATE,REJECT,Exact duplicate borrower snapshot removed.
borrowers,BRW0004145,EXACT_DUPLICATE,REJECT,Exact duplicate borrower snapshot removed.
borrowers,BRW0002096,EXACT_DUPLICATE,REJECT,Exact duplicate borrower snapshot removed.
borrowers,BRW0003575,EXACT_DUPLICATE,REJECT,Exact duplicate borrower snapshot removed.
borrowers,BRW0000201,EXACT_DUPLICATE,REJECT,Exact duplicate borrower snapshot removed.
borrowers,BRW0007150,EXACT_DUPLICATE,REJECT,Exact duplicate borrower snapshot removed.
borrowers,BRW0000862,EXACT_DUPLICATE,REJECT,Exact duplicate borrower snapshot removed.
borrowers,BRW0000122,EXACT_DUPLICATE,REJECT,Exact duplicate borrower snapshot removed.
borrowers,BRW0005341,EXACT_DUPLICATE,REJECT,Exact duplicate borrower snapshot removed.
borrowers,BRW0001208,EXACT_DUPLICATE,REJECT,Exact duplicate borrower snapshot removed.
borrowers,BRW0000860,EXACT_DUPLICATE,REJECT,Exact duplicate borrower snapshot removed.
borrowers,BRW0000771,EXACT_DUPLICATE,REJECT,Exact duplicate borrower snapshot removed.
borrowers,BRW0004092,EXACT_DUPLICATE,REJECT,Exact duplicate borrower snapshot removed.
borrowers,BRW0007116,EXACT_DUPLICATE,REJECT,Exact duplicate borrower snapshot removed.
borrowers,BRW0009436,EXACT_DUPLICATE,REJECT,Exact duplicate borrower snapshot removed.
borrowers,BRW0004011,EXACT_DUPLICATE,REJECT,Exact duplicate borrower snapshot removed.
borrowers,BRW0007075,EXACT_DUPLICATE,REJECT,Exact duplicate borrower snapshot removed.
borrowers,BRW0006249,EXACT_DUPLICATE,REJECT,Exact duplicate borrower snapshot removed.
borrowers,BRW0008984,EXACT_DUPLICATE,REJECT,Exact duplicate borrower snapshot removed.
borrowers,BRW0008845,EXACT_DUPLICATE,REJECT,Exact duplicate borrower snapshot removed.
borrowers,BRW0000177,EXACT_DUPLICATE,REJECT,Exact duplicate borrower snapshot removed.
borrowers,BRW0003905,EXACT_DUPLICATE,REJECT,Exact duplicate borrower snapshot removed.
borrowers,BRW0004267,EXACT_DUPLICATE,REJECT,Exact duplicate borrower snapshot removed.
borrowers,BRW0002181,EXACT_DUPLICATE,REJECT,Exact duplicate borrower snapshot removed.
borrowers,BRW0005218,EXACT_DUPLICATE,REJECT,Exact duplicate borrower snapshot removed.
borrowers,BRW0000769,EXACT_DUPLICATE,REJECT,Exact duplicate borrower snapshot removed.
borrowers,BRW0005666,EXACT_DUPLICATE,REJECT,Exact duplicate borrower snapshot removed.
borrowers,BRW0004724,EXACT_DUPLICATE,REJECT,Exact duplicate borrower snapshot removed.
borrowers,BRW0009014,EXACT_DUPLICATE,REJECT,Exact duplicate borrower snapshot removed.
borrowers,BRW0008118,EXACT_DUPLICATE,REJECT,Exact duplicate borrower snapshot removed.
borrowers,BRW0006689,EXACT_DUPLICATE,REJECT,Exact duplicate borrower snapshot removed.
borrowers,BRW0010712,EXACT_DUPLICATE,REJECT,Exact duplicate borrower snapshot removed.
borrowers,BRW0008425,EXACT_DUPLICATE,REJECT,Exact duplicate borrower snapshot removed.
borrowers,BRW0003979,EXACT_DUPLICATE,REJECT,Exact duplicate borrower snapshot removed.
borrowers,BRW0010773,EXACT_DUPLICATE,REJECT,Exact duplicate borrower snapshot removed.
borrowers,BRW0005012,EXACT_DUPLICATE,REJECT,Exact duplicate borrower snapshot removed.
borrowers,BRW0002410,EXACT_DUPLICATE,REJECT,Exact duplicate borrower snapshot removed.
borrowers,BRW0004028,EXACT_DUPLICATE,REJECT,Exact duplicate borrower snapshot removed.
borrowers,BRW0007325,EXACT_DUPLICATE,REJECT,Exact duplicate borrower snapshot removed.
borrowers,BRW0001528,EXACT_DUPLICATE,REJECT,Exact duplicate borrower snapshot removed.
borrowers,BRW0008694,EXACT_DUPLICATE,REJECT,Exact duplicate borrower snapshot removed.
borrowers,BRW0008324,EXACT_DUPLICATE,REJECT,Exact duplicate borrower snapshot removed.
borrowers,BRW0008230,EXACT_DUPLICATE,REJECT,Exact duplicate borrower snapshot removed.
borrowers,BRW0004484,EXACT_DUPLICATE,REJECT,Exact duplicate borrower snapshot removed.
borrowers,BRW0004719,EXACT_DUPLICATE,REJECT,Exact duplicate borrower snapshot removed.
borrowers,BRW0006804,EXACT_DUPLICATE,REJECT,Exact duplicate borrower snapshot removed.
borrowers,BRW0009912,EXACT_DUPLICATE,REJECT,Exact duplicate borrower snapshot removed.
borrowers,BRW0006306,EXACT_DUPLICATE,REJECT,Exact duplicate borrower snapshot removed.
borrowers,BRW0011890,EXACT_DUPLICATE,REJECT,Exact duplicate borrower snapshot removed.
borrowers,BRW0010799,EXACT_DUPLICATE,REJECT,Exact duplicate borrower snapshot removed.
borrowers,BRW0005932,EXACT_DUPLICATE,REJECT,Exact duplicate borrower snapshot removed.
borrowers,BRW0007215,EXACT_DUPLICATE,REJECT,Exact duplicate borrower snapshot removed.
borrowers,BRW0008979,EXACT_DUPLICATE,REJECT,Exact duplicate borrower snapshot removed.
borrowers,BRW0000970,EXACT_DUPLICATE,REJECT,Exact duplicate borrower snapshot removed.
borrowers,BRW0005098,EXACT_DUPLICATE,REJECT,Exact duplicate borrower snapshot removed.
borrowers,BRW0010495,EXACT_DUPLICATE,REJECT,Exact duplicate borrower snapshot removed.
borrowers,BRW0000426,EXACT_DUPLICATE,REJECT,Exact duplicate borrower snapshot removed.
borrowers,BRW0005295,EXACT_DUPLICATE,REJECT,Exact duplicate borrower snapshot removed.
borrowers,BRW0008541,EXACT_DUPLICATE,REJECT,Exact duplicate borrower snapshot removed.
borrowers,BRW0003734,EXACT_DUPLICATE,REJECT,Exact duplicate borrower snapshot removed.
borrowers,BRW0011454,EXACT_DUPLICATE,REJECT,Exact duplicate borrower snapshot removed.
borrowers,BRW0005581,EXACT_DUPLICATE,REJECT,Exact duplicate borrower snapshot removed.
borrowers,BRW0004175,EXACT_DUPLICATE,REJECT,Exact duplicate borrower snapshot removed.
borrowers,BRW0000902,EXACT_DUPLICATE,REJECT,Exact duplicate borrower snapshot removed.
borrowers,BRW0011236,EXACT_DUPLICATE,REJECT,Exact duplicate borrower snapshot removed.
borrowers,BRW0000435,EXACT_DUPLICATE,REJECT,Exact duplicate borrower snapshot removed.
borrowers,BRW0003733,EXACT_DUPLICATE,REJECT,Exact duplicate borrower snapshot removed.
borrowers,BRW0002336,EXACT_DUPLICATE,REJECT,Exact duplicate borrower snapshot removed.
borrowers,BRW0009636,EXACT_DUPLICATE,REJECT,Exact duplicate borrower snapshot removed.
borrowers,BRW0010848,EXACT_DUPLICATE,REJECT,Exact duplicate borrower snapshot removed.
borrowers,BRW0008826,EXACT_DUPLICATE,REJECT,Exact duplicate borrower snapshot removed.
borrowers,BRW0001499,EXACT_DUPLICATE,REJECT,Exact duplicate borrower snapshot removed.
borrowers,BRW0008813,EXACT_DUPLICATE,REJECT,Exact duplicate borrower snapshot removed.
borrowers,BRW0011789,EXACT_DUPLICATE,REJECT,Exact duplicate borrower snapshot removed.
borrowers,BRW0007968,EXACT_DUPLICATE,REJECT,Exact duplicate borrower snapshot removed.
borrowers,BRW0000268,EXACT_DUPLICATE,REJECT,Exact duplicate borrower snapshot removed.
borrowers,BRW0006934,EXACT_DUPLICATE,REJECT,Exact duplicate borrower snapshot removed.
borrowers,BRW0004362,EXACT_DUPLICATE,REJECT,Exact duplicate borrower snapshot removed.
borrowers,BRW0011080,EXACT_DUPLICATE,REJECT,Exact duplicate borrower snapshot removed.
borrowers,BRW0000234,EXACT_DUPLICATE,REJECT,Exact duplicate borrower snapshot removed.
borrowers,BRW0005440,EXACT_DUPLICATE,REJECT,Exact duplicate borrower snapshot removed.
borrowers,BRW0006086,EXACT_DUPLICATE,REJECT,Exact duplicate borrower snapshot removed.
borrowers,BRW0006222,EXACT_DUPLICATE,REJECT,Exact duplicate borrower snapshot removed.
borrowers,BRW0009538,EXACT_DUPLICATE,REJECT,Exact duplicate borrower snapshot removed.
borrowers,BRW0010145,EXACT_DUPLICATE,REJECT,Exact duplicate borrower snapshot removed.
borrowers,BRW0007306,EXACT_DUPLICATE,REJECT,Exact duplicate borrower snapshot removed.
borrowers,BRW0006617,EXACT_DUPLICATE,REJECT,Exact duplicate borrower snapshot removed.
borrowers,BRW0002879,EXACT_DUPLICATE,REJECT,Exact duplicate borrower snapshot removed.
borrowers,BRW0003480,EXACT_DUPLICATE,REJECT,Exact duplicate borrower snapshot removed.
borrowers,BRW0004998,EXACT_DUPLICATE,REJECT,Exact duplicate borrower snapshot removed.
borrowers,BRW0002023,EXACT_DUPLICATE,REJECT,Exact duplicate borrower snapshot removed.
borrowers,BRW0008282,EXACT_DUPLICATE,REJECT,Exact duplicate borrower snapshot removed.
borrowers,BRW0002484,EXACT_DUPLICATE,REJECT,Exact duplicate borrower snapshot removed.
borrowers,BRW0004361,EXACT_DUPLICATE,REJECT,Exact duplicate borrower snapshot removed.
borrowers,BRW0010454,EXACT_DUPLICATE,REJECT,Exact duplicate borrower snapshot removed.
borrowers,BRW0007137,EXACT_DUPLICATE,REJECT,Exact duplicate borrower snapshot removed.
borrowers,BRW0008098,EXACT_DUPLICATE,REJECT,Exact duplicate borrower snapshot removed.
borrowers,BRW0003924,EXACT_DUPLICATE,REJECT,Exact duplicate borrower snapshot removed.
borrowers,BRW0003007,EXACT_DUPLICATE,REJECT,Exact duplicate borrower snapshot removed.
borrowers,BRW0010691,EXACT_DUPLICATE,REJECT,Exact duplicate borrower snapshot removed.
borrowers,BRW0007691,EXACT_DUPLICATE,REJECT,Exact duplicate borrower snapshot removed.
borrowers,BRW0001589,EXACT_DUPLICATE,REJECT,Exact duplicate borrower snapshot removed.
borrowers,BRW0009777,EXACT_DUPLICATE,REJECT,Exact duplicate borrower snapshot removed.
borrowers,BRW0003085,EXACT_DUPLICATE,REJECT,Exact duplicate borrower snapshot removed.
borrowers,BRW0002556,EXACT_DUPLICATE,REJECT,Exact duplicate borrower snapshot removed.
borrowers,BRW0011987,EXACT_DUPLICATE,REJECT,Exact duplicate borrower snapshot removed.
borrowers,BRW0005365,EXACT_DUPLICATE,REJECT,Exact duplicate borrower snapshot removed.
borrowers,BRW0010147,EXACT_DUPLICATE,REJECT,Exact duplicate borrower snapshot removed.
borrowers,BRW0002737,EXACT_DUPLICATE,REJECT,Exact duplicate borrower snapshot removed.
borrowers,BRW0004635,EXACT_DUPLICATE,REJECT,Exact duplicate borrower snapshot removed.
borrowers,BRW0010604,EXACT_DUPLICATE,REJECT,Exact duplicate borrower snapshot removed.
borrowers,BRW0006743,EXACT_DUPLICATE,REJECT,Exact duplicate borrower snapshot removed.
borrowers,BRW0001555,EXACT_DUPLICATE,REJECT,Exact duplicate borrower snapshot removed.
borrowers,BRW0003929,EXACT_DUPLICATE,REJECT,Exact duplicate borrower snapshot removed.
borrowers,BRW0006965,EXACT_DUPLICATE,REJECT,Exact duplicate borrower snapshot removed.
borrowers,BRW0009235,EXACT_DUPLICATE,REJECT,Exact duplicate borrower snapshot removed.
borrowers,BRW0002415,EXACT_DUPLICATE,REJECT,Exact duplicate borrower snapshot removed.
borrowers,BRW0011987,EXACT_DUPLICATE,REJECT,Exact duplicate borrower snapshot removed.
borrowers,BRW0000809,EXACT_DUPLICATE,REJECT,Exact duplicate borrower snapshot removed.
borrowers,BRW0006875,EXACT_DUPLICATE,REJECT,Exact duplicate borrower snapshot removed.
borrowers,BRW0001247,EXACT_DUPLICATE,REJECT,Exact duplicate borrower snapshot removed.
borrowers,BRW0011186,EXACT_DUPLICATE,REJECT,Exact duplicate borrower snapshot removed.
borrowers,BRW0004971,EXACT_DUPLICATE,REJECT,Exact duplicate borrower snapshot removed.
borrowers,BRW0011305,EXACT_DUPLICATE,REJECT,Exact duplicate borrower snapshot removed.
borrowers,BRW0001828,EXACT_DUPLICATE,REJECT,Exact duplicate borrower snapshot removed.
borrowers,BRW0000297,EXACT_DUPLICATE,REJECT,Exact duplicate borrower snapshot removed.
borrowers,BRW0004112,EXACT_DUPLICATE,REJECT,Exact duplicate borrower snapshot removed.
borrowers,BRW0001352,EXACT_DUPLICATE,REJECT,Exact duplicate borrower snapshot removed.
borrowers,BRW0011175,EXACT_DUPLICATE,REJECT,Exact duplicate borrower snapshot removed.
borrowers,BRW0003297,EXACT_DUPLICATE,REJECT,Exact duplicate borrower snapshot removed.
borrowers,BRW0009409,EXACT_DUPLICATE,REJECT,Exact duplicate borrower snapshot removed.
borrowers,BRW0001424,EXACT_DUPLICATE,REJECT,Exact duplicate borrower snapshot removed.
borrowers,BRW0004761,EXACT_DUPLICATE,REJECT,Exact duplicate borrower snapshot removed.
borrowers,BRW0011842,EXACT_DUPLICATE,REJECT,Exact duplicate borrower snapshot removed.
borrowers,BRW0004177,EXACT_DUPLICATE,REJECT,Exact duplicate borrower snapshot removed.
borrowers,BRW0010969,EXACT_DUPLICATE,REJECT,Exact duplicate borrower snapshot removed.
borrowers,BRW0008655,EXACT_DUPLICATE,REJECT,Exact duplicate borrower snapshot removed.
borrowers,BRW0006083,EXACT_DUPLICATE,REJECT,Exact duplicate borrower snapshot removed.
borrowers,BRW0004601,EXACT_DUPLICATE,REJECT,Exact duplicate borrower snapshot removed.
borrowers,BRW0008991,EXACT_DUPLICATE,REJECT,Exact duplicate borrower snapshot removed.
borrowers,BRW0000449,EXACT_DUPLICATE,REJECT,Exact duplicate borrower snapshot removed.
borrowers,BRW0005758,EXACT_DUPLICATE,REJECT,Exact duplicate borrower snapshot removed.
borrowers,BRW0000850,EXACT_DUPLICATE,REJECT,Exact duplicate borrower snapshot removed.
borrowers,BRW0004980,EXACT_DUPLICATE,REJECT,Exact duplicate borrower snapshot removed.
borrowers,BRW0008356,EXACT_DUPLICATE,REJECT,Exact duplicate borrower snapshot removed.
borrowers,BRW0001052,EXACT_DUPLICATE,REJECT,Exact duplicate borrower snapshot removed.
borrowers,BRW0004983,EXACT_DUPLICATE,REJECT,Exact duplicate borrower snapshot removed.
borrowers,BRW0002958,EXACT_DUPLICATE,REJECT,Exact duplicate borrower snapshot removed.
borrowers,BRW0005743,EXACT_DUPLICATE,REJECT,Exact duplicate borrower snapshot removed.
borrowers,BRW0003995,EXACT_DUPLICATE,REJECT,Exact duplicate borrower snapshot removed.
borrowers,BRW0002090,EXACT_DUPLICATE,REJECT,Exact duplicate borrower snapshot removed.
borrowers,BRW0001529,EXACT_DUPLICATE,REJECT,Exact duplicate borrower snapshot removed.
borrowers,BRW0010555,EXACT_DUPLICATE,REJECT,Exact duplicate borrower snapshot removed.
borrowers,BRW0007947,EXACT_DUPLICATE,REJECT,Exact duplicate borrower snapshot removed.
borrowers,BRW0003979,EXACT_DUPLICATE,REJECT,Exact duplicate borrower snapshot removed.
borrowers,BRW0011331,EXACT_DUPLICATE,REJECT,Exact duplicate borrower snapshot removed.
borrowers,BRW0004511,EXACT_DUPLICATE,REJECT,Exact duplicate borrower snapshot removed.
borrowers,BRW0009191,EXACT_DUPLICATE,REJECT,Exact duplicate borrower snapshot removed.
borrowers,BRW0011545,EXACT_DUPLICATE,REJECT,Exact duplicate borrower snapshot removed.
borrowers,BRW0009659,EXACT_DUPLICATE,REJECT,Exact duplicate borrower snapshot removed.
borrowers,BRW0000675,EXACT_DUPLICATE,REJECT,Exact duplicate borrower snapshot removed.
borrowers,BRW0008646,EXACT_DUPLICATE,REJECT,Exact duplicate borrower snapshot removed.
borrowers,BRW0004442,EXACT_DUPLICATE,REJECT,Exact duplicate borrower snapshot removed.
borrowers,BRW0000413,EXACT_DUPLICATE,REJECT,Exact duplicate borrower snapshot removed.
borrowers,BRW0008379,EXACT_DUPLICATE,REJECT,Exact duplicate borrower snapshot removed.
borrowers,BRW0006936,EXACT_DUPLICATE,REJECT,Exact duplicate borrower snapshot removed.
borrowers,BRW0006502,EXACT_DUPLICATE,REJECT,Exact duplicate borrower snapshot removed.
borrowers,BRW0007595,EXACT_DUPLICATE,REJECT,Exact duplicate borrower snapshot removed.
borrowers,BRW0007281,EXACT_DUPLICATE,REJECT,Exact duplicate borrower snapshot removed.
borrowers,BRW0000005,EXACT_DUPLICATE,REJECT,Exact duplicate borrower snapshot removed.
borrowers,BRW0009149,EXACT_DUPLICATE,REJECT,Exact duplicate borrower snapshot removed.
borrowers,BRW0002730,EXACT_DUPLICATE,REJECT,Exact duplicate borrower snapshot removed.
borrowers,BRW0000078,EXACT_DUPLICATE,REJECT,Exact duplicate borrower snapshot removed.
borrowers,BRW0010198,EXACT_DUPLICATE,REJECT,Exact duplicate borrower snapshot removed.
borrowers,BRW0010043,EXACT_DUPLICATE,REJECT,Exact duplicate borrower snapshot removed.
borrowers,BRW0004548,EXACT_DUPLICATE,REJECT,Exact duplicate borrower snapshot removed.
borrowers,BRW0011043,EXACT_DUPLICATE,REJECT,Exact duplicate borrower snapshot removed.
borrowers,BRW0003543,EXACT_DUPLICATE,REJECT,Exact duplicate borrower snapshot removed.
borrowers,BRW0002000,EXACT_DUPLICATE,REJECT,Exact duplicate borrower snapshot removed.
borrowers,BRW0006287,EXACT_DUPLICATE,REJECT,Exact duplicate borrower snapshot removed.
borrowers,BRW0007793,EXACT_DUPLICATE,REJECT,Exact duplicate borrower snapshot removed.
borrowers,BRW0006661,EXACT_DUPLICATE,REJECT,Exact duplicate borrower snapshot removed.
borrowers,BRW0003282,EXACT_DUPLICATE,REJECT,Exact duplicate borrower snapshot removed.
borrowers,BRW0010963,EXACT_DUPLICATE,REJECT,Exact duplicate borrower snapshot removed.
borrowers,BRW0006410,EXACT_DUPLICATE,REJECT,Exact duplicate borrower snapshot removed.
borrowers,BRW0005415,EXACT_DUPLICATE,REJECT,Exact duplicate borrower snapshot removed.
borrowers,BRW0005122,EXACT_DUPLICATE,REJECT,Exact duplicate borrower snapshot removed.
borrowers,BRW0007098,EXACT_DUPLICATE,REJECT,Exact duplicate borrower snapshot removed.
borrowers,BRW0000965,EXACT_DUPLICATE,REJECT,Exact duplicate borrower snapshot removed.
borrowers,BRW0008527,EXACT_DUPLICATE,REJECT,Exact duplicate borrower snapshot removed.
borrowers,BRW0007847,EXACT_DUPLICATE,REJECT,Exact duplicate borrower snapshot removed.
borrowers,BRW0010544,EXACT_DUPLICATE,REJECT,Exact duplicate borrower snapshot removed.
borrowers,BRW0000161,EXACT_DUPLICATE,REJECT,Exact duplicate borrower snapshot removed.
borrowers,BRW0005904,EXACT_DUPLICATE,REJECT,Exact duplicate borrower snapshot removed.
borrowers,BRW0002719,EXACT_DUPLICATE,REJECT,Exact duplicate borrower snapshot removed.
borrowers,BRW0007624,EXACT_DUPLICATE,REJECT,Exact duplicate borrower snapshot removed.
borrowers,BRW0006426,EXACT_DUPLICATE,REJECT,Exact duplicate borrower snapshot removed.
borrowers,BRW0001138,EXACT_DUPLICATE,REJECT,Exact duplicate borrower snapshot removed.
borrowers,BRW0006172,EXACT_DUPLICATE,REJECT,Exact duplicate borrower snapshot removed.
borrowers,BRW0004335,EXACT_DUPLICATE,REJECT,Exact duplicate borrower snapshot removed.
borrowers,BRW0001258,EXACT_DUPLICATE,REJECT,Exact duplicate borrower snapshot removed.
borrowers,BRW0004016,EXACT_DUPLICATE,REJECT,Exact duplicate borrower snapshot removed.
borrowers,BRW0001813,EXACT_DUPLICATE,REJECT,Exact duplicate borrower snapshot removed.
borrowers,BRW0000545,EXACT_DUPLICATE,REJECT,Exact duplicate borrower snapshot removed.
borrowers,BRW0009310,EXACT_DUPLICATE,REJECT,Exact duplicate borrower snapshot removed.
borrowers,BRW0011518,EXACT_DUPLICATE,REJECT,Exact duplicate borrower snapshot removed.
borrowers,BRW0003235,EXACT_DUPLICATE,REJECT,Exact duplicate borrower snapshot removed.
borrowers,BRW0003144,EXACT_DUPLICATE,REJECT,Exact duplicate borrower snapshot removed.
borrowers,BRW0006266,EXACT_DUPLICATE,REJECT,Exact duplicate borrower snapshot removed.
borrowers,BRW0004062,EXACT_DUPLICATE,REJECT,Exact duplicate borrower snapshot removed.
borrowers,BRW0008023,EXACT_DUPLICATE,REJECT,Exact duplicate borrower snapshot removed.
borrowers,BRW0000422,EXACT_DUPLICATE,REJECT,Exact duplicate borrower snapshot removed.
borrowers,BRW0001021,EXACT_DUPLICATE,REJECT,Exact duplicate borrower snapshot removed.
borrowers,BRW0010547,EXACT_DUPLICATE,REJECT,Exact duplicate borrower snapshot removed.
borrowers,BRW0004505,EXACT_DUPLICATE,REJECT,Exact duplicate borrower snapshot removed.
borrowers,BRW0001454,EXACT_DUPLICATE,REJECT,Exact duplicate borrower snapshot removed.
borrowers,BRW0003456,EXACT_DUPLICATE,REJECT,Exact duplicate borrower snapshot removed.
borrowers,BRW0004577,EXACT_DUPLICATE,REJECT,Exact duplicate borrower snapshot removed.
borrowers,BRW0001573,EXACT_DUPLICATE,REJECT,Exact duplicate borrower snapshot removed.
borrowers,BRW0008016,EXACT_DUPLICATE,REJECT,Exact duplicate borrower snapshot removed.
borrowers,BRW0002538,EXACT_DUPLICATE,REJECT,Exact duplicate borrower snapshot removed.
borrowers,BRW0008303,EXACT_DUPLICATE,REJECT,Exact duplicate borrower snapshot removed.
borrowers,BRW0003167,EXACT_DUPLICATE,REJECT,Exact duplicate borrower snapshot removed.
borrowers,BRW0003394,EXACT_DUPLICATE,REJECT,Exact duplicate borrower snapshot removed.
borrowers,BRW0004569,EXACT_DUPLICATE,REJECT,Exact duplicate borrower snapshot removed.
borrowers,BRW0007288,EXACT_DUPLICATE,REJECT,Exact duplicate borrower snapshot removed.
borrowers,BRW0009116,EXACT_DUPLICATE,REJECT,Exact duplicate borrower snapshot removed.
borrowers,BRW0010084,EXACT_DUPLICATE,REJECT,Exact duplicate borrower snapshot removed.
borrowers,BRW0010960,EXACT_DUPLICATE,REJECT,Exact duplicate borrower snapshot removed.
borrowers,BRW0010517,EXACT_DUPLICATE,REJECT,Exact duplicate borrower snapshot removed.
borrowers,BRW0003622,EXACT_DUPLICATE,REJECT,Exact duplicate borrower snapshot removed.
borrowers,BRW0010695,EXACT_DUPLICATE,REJECT,Exact duplicate borrower snapshot removed.
borrowers,BRW0004455,EXACT_DUPLICATE,REJECT,Exact duplicate borrower snapshot removed.
borrowers,BRW0000185,EXACT_DUPLICATE,REJECT,Exact duplicate borrower snapshot removed.
borrowers,BRW0008466,EXACT_DUPLICATE,REJECT,Exact duplicate borrower snapshot removed.
borrowers,BRW0002265,EXACT_DUPLICATE,REJECT,Exact duplicate borrower snapshot removed.
borrowers,BRW0006892,EXACT_DUPLICATE,REJECT,Exact duplicate borrower snapshot removed.
borrowers,BRW0004129,EXACT_DUPLICATE,REJECT,Exact duplicate borrower snapshot removed.
borrowers,BRW0002700,EXACT_DUPLICATE,REJECT,Exact duplicate borrower snapshot removed.
borrowers,BRW0010074,EXACT_DUPLICATE,REJECT,Exact duplicate borrower snapshot removed.
borrowers,BRW0001875,EXACT_DUPLICATE,REJECT,Exact duplicate borrower snapshot removed.
borrowers,BRW0006408,EXACT_DUPLICATE,REJECT,Exact duplicate borrower snapshot removed.
borrowers,BRW0011027,EXACT_DUPLICATE,REJECT,Exact duplicate borrower snapshot removed.
borrowers,BRW0008123,EXACT_DUPLICATE,REJECT,Exact duplicate borrower snapshot removed.
borrowers,BRW0010160,EXACT_DUPLICATE,REJECT,Exact duplicate borrower snapshot removed.
borrowers,BRW0011815,EXACT_DUPLICATE,REJECT,Exact duplicate borrower snapshot removed.
borrowers,BRW0007107,EXACT_DUPLICATE,REJECT,Exact duplicate borrower snapshot removed.
borrowers,BRW0005202,EXACT_DUPLICATE,REJECT,Exact duplicate borrower snapshot removed.
borrowers,BRW0001754,EXACT_DUPLICATE,REJECT,Exact duplicate borrower snapshot removed.
borrowers,BRW0002700,EXACT_DUPLICATE,REJECT,Exact duplicate borrower snapshot removed.
borrowers,BRW0006214,EXACT_DUPLICATE,REJECT,Exact duplicate borrower snapshot removed.
borrowers,BRW0004834,EXACT_DUPLICATE,REJECT,Exact duplicate borrower snapshot removed.
borrowers,BRW0010143,EXACT_DUPLICATE,REJECT,Exact duplicate borrower snapshot removed.
borrowers,BRW0003372,EXACT_DUPLICATE,REJECT,Exact duplicate borrower snapshot removed.
borrowers,BRW0000835,EXACT_DUPLICATE,REJECT,Exact duplicate borrower snapshot removed.
borrowers,BRW0000187,EXACT_DUPLICATE,REJECT,Exact duplicate borrower snapshot removed.
borrowers,BRW0010762,EXACT_DUPLICATE,REJECT,Exact duplicate borrower snapshot removed.
borrowers,BRW0011388,EXACT_DUPLICATE,REJECT,Exact duplicate borrower snapshot removed.
borrowers,BRW0007735,EXACT_DUPLICATE,REJECT,Exact duplicate borrower snapshot removed.
borrowers,BRW0010724,EXACT_DUPLICATE,REJECT,Exact duplicate borrower snapshot removed.
borrowers,BRW0001590,EXACT_DUPLICATE,REJECT,Exact duplicate borrower snapshot removed.
borrowers,BRW0008889,EXACT_DUPLICATE,REJECT,Exact duplicate borrower snapshot removed.
borrowers,BRW0007323,EXACT_DUPLICATE,REJECT,Exact duplicate borrower snapshot removed.
borrowers,BRW0007222,EXACT_DUPLICATE,REJECT,Exact duplicate borrower snapshot removed.
borrowers,BRW0008641,EXACT_DUPLICATE,REJECT,Exact duplicate borrower snapshot removed.
borrowers,BRW0003283,EXACT_DUPLICATE,REJECT,Exact duplicate borrower snapshot removed.
borrowers,BRW0008878,EXACT_DUPLICATE,REJECT,Exact duplicate borrower snapshot removed.
borrowers,BRW0001143,EXACT_DUPLICATE,REJECT,Exact duplicate borrower snapshot removed.
borrowers,BRW0004483,EXACT_DUPLICATE,REJECT,Exact duplicate borrower snapshot removed.
borrowers,BRW0009794,EXACT_DUPLICATE,REJECT,Exact duplicate borrower snapshot removed.
borrowers,BRW0010126,EXACT_DUPLICATE,REJECT,Exact duplicate borrower snapshot removed.
borrowers,BRW0009957,EXACT_DUPLICATE,REJECT,Exact duplicate borrower snapshot removed.
borrowers,BRW0006791,EXACT_DUPLICATE,REJECT,Exact duplicate borrower snapshot removed.
borrowers,BRW0003282,EXACT_DUPLICATE,REJECT,Exact duplicate borrower snapshot removed.
borrowers,BRW0010605,EXACT_DUPLICATE,REJECT,Exact duplicate borrower snapshot removed.
borrowers,BRW0002118,EXACT_DUPLICATE,REJECT,Exact duplicate borrower snapshot removed.
borrowers,BRW0007176,EXACT_DUPLICATE,REJECT,Exact duplicate borrower snapshot removed.
borrowers,BRW0001813,EXACT_DUPLICATE,REJECT,Exact duplicate borrower snapshot removed.
borrowers,BRW0000685,EXACT_DUPLICATE,REJECT,Exact duplicate borrower snapshot removed.
borrowers,BRW0008218,EXACT_DUPLICATE,REJECT,Exact duplicate borrower snapshot removed.
borrowers,BRW0010211,EXACT_DUPLICATE,REJECT,Exact duplicate borrower snapshot removed.
borrowers,BRW0008562,EXACT_DUPLICATE,REJECT,Exact duplicate borrower snapshot removed.
borrowers,BRW0001232,EXACT_DUPLICATE,REJECT,Exact duplicate borrower snapshot removed.
borrowers,BRW0003212,EXACT_DUPLICATE,REJECT,Exact duplicate borrower snapshot removed.
borrowers,BRW0011314,EXACT_DUPLICATE,REJECT,Exact duplicate borrower snapshot removed.
borrowers,BRW0011981,EXACT_DUPLICATE,REJECT,Exact duplicate borrower snapshot removed.
borrowers,BRW0010818,EXACT_DUPLICATE,REJECT,Exact duplicate borrower snapshot removed.
borrowers,BRW0006302,EXACT_DUPLICATE,REJECT,Exact duplicate borrower snapshot removed.
borrowers,BRW0004939,EXACT_DUPLICATE,REJECT,Exact duplicate borrower snapshot removed.
borrowers,BRW0010157,EXACT_DUPLICATE,REJECT,Exact duplicate borrower snapshot removed.
borrowers,BRW0004044,EXACT_DUPLICATE,REJECT,Exact duplicate borrower snapshot removed.
borrowers,BRW0011751,EXACT_DUPLICATE,REJECT,Exact duplicate borrower snapshot removed.
borrowers,BRW0006595,EXACT_DUPLICATE,REJECT,Exact duplicate borrower snapshot removed.
borrowers,BRW0006949,EXACT_DUPLICATE,REJECT,Exact duplicate borrower snapshot removed.
borrowers,BRW0001780,EXACT_DUPLICATE,REJECT,Exact duplicate borrower snapshot removed.
borrowers,BRW0011914,EXACT_DUPLICATE,REJECT,Exact duplicate borrower snapshot removed.
borrowers,BRW0002343,EXACT_DUPLICATE,REJECT,Exact duplicate borrower snapshot removed.
borrowers,BRW0004847,EXACT_DUPLICATE,REJECT,Exact duplicate borrower snapshot removed.
borrowers,BRW0000113,EXACT_DUPLICATE,REJECT,Exact duplicate borrower snapshot removed.
borrowers,BRW0001531,EXACT_DUPLICATE,REJECT,Exact duplicate borrower snapshot removed.
borrowers,BRW0000402,EXACT_DUPLICATE,REJECT,Exact duplicate borrower snapshot removed.
borrowers,BRW0006251,EXACT_DUPLICATE,REJECT,Exact duplicate borrower snapshot removed.
borrowers,BRW0008588,EXACT_DUPLICATE,REJECT,Exact duplicate borrower snapshot removed.
borrowers,BRW0007740,EXACT_DUPLICATE,REJECT,Exact duplicate borrower snapshot removed.
borrowers,BRW0006937,EXACT_DUPLICATE,REJECT,Exact duplicate borrower snapshot removed.
borrowers,BRW0009294,EXACT_DUPLICATE,REJECT,Exact duplicate borrower snapshot removed.
borrowers,BRW0008844,EXACT_DUPLICATE,REJECT,Exact duplicate borrower snapshot removed.
borrowers,BRW0001727,EXACT_DUPLICATE,REJECT,Exact duplicate borrower snapshot removed.
borrowers,BRW0000988,EXACT_DUPLICATE,REJECT,Exact duplicate borrower snapshot removed.
borrowers,BRW0001678,EXACT_DUPLICATE,REJECT,Exact duplicate borrower snapshot removed.
borrowers,BRW0011633,EXACT_DUPLICATE,REJECT,Exact duplicate borrower snapshot removed.
borrowers,BRW0010415,EXACT_DUPLICATE,REJECT,Exact duplicate borrower snapshot removed.
borrowers,BRW0004745,EXACT_DUPLICATE,REJECT,Exact duplicate borrower snapshot removed.
borrowers,BRW0005849,EXACT_DUPLICATE,REJECT,Exact duplicate borrower snapshot removed.
borrowers,BRW0009167,EXACT_DUPLICATE,REJECT,Exact duplicate borrower snapshot removed.
borrowers,BRW0005130,EXACT_DUPLICATE,REJECT,Exact duplicate borrower snapshot removed.
borrowers,BRW0007716,EXACT_DUPLICATE,REJECT,Exact duplicate borrower snapshot removed.
borrowers,BRW0004959,EXACT_DUPLICATE,REJECT,Exact duplicate borrower snapshot removed.
borrowers,BRW0005247,EXACT_DUPLICATE,REJECT,Exact duplicate borrower snapshot removed.
borrowers,BRW0005655,EXACT_DUPLICATE,REJECT,Exact duplicate borrower snapshot removed.
borrowers,BRW0002032,EXACT_DUPLICATE,REJECT,Exact duplicate borrower snapshot removed.
borrowers,BRW0011295,EXACT_DUPLICATE,REJECT,Exact duplicate borrower snapshot removed.
borrowers,BRW0001384,EXACT_DUPLICATE,REJECT,Exact duplicate borrower snapshot removed.
borrowers,BRW0011538,EXACT_DUPLICATE,REJECT,Exact duplicate borrower snapshot removed.
borrowers,BRW0004194,EXACT_DUPLICATE,REJECT,Exact duplicate borrower snapshot removed.
borrowers,BRW0007807,EXACT_DUPLICATE,REJECT,Exact duplicate borrower snapshot removed.
borrowers,BRW0011009,EXACT_DUPLICATE,REJECT,Exact duplicate borrower snapshot removed.
borrowers,BRW0000486,EXACT_DUPLICATE,REJECT,Exact duplicate borrower snapshot removed.
borrowers,BRW0003344,EXACT_DUPLICATE,REJECT,Exact duplicate borrower snapshot removed.
borrowers,BRW0007519,EXACT_DUPLICATE,REJECT,Exact duplicate borrower snapshot removed.
borrowers,BRW0009595,EXACT_DUPLICATE,REJECT,Exact duplicate borrower snapshot removed.
borrowers,BRW0007061,EXACT_DUPLICATE,REJECT,Exact duplicate borrower snapshot removed.
borrowers,BRW0011995,EXACT_DUPLICATE,REJECT,Exact duplicate borrower snapshot removed.
borrowers,BRW0000574,EXACT_DUPLICATE,REJECT,Exact duplicate borrower snapshot removed.
borrowers,BRW0010487,EXACT_DUPLICATE,REJECT,Exact duplicate borrower snapshot removed.
borrowers,BRW0009060,EXACT_DUPLICATE,REJECT,Exact duplicate borrower snapshot removed.
borrowers,BRW0003023,EXACT_DUPLICATE,REJECT,Exact duplicate borrower snapshot removed.
borrowers,BRW0007389,EXACT_DUPLICATE,REJECT,Exact duplicate borrower snapshot removed.
borrowers,BRW0009609,EXACT_DUPLICATE,REJECT,Exact duplicate borrower snapshot removed.
borrowers,BRW0006675,EXACT_DUPLICATE,REJECT,Exact duplicate borrower snapshot removed.
borrowers,BRW0008600,EXACT_DUPLICATE,REJECT,Exact duplicate borrower snapshot removed.
borrowers,BRW0009988,EXACT_DUPLICATE,REJECT,Exact duplicate borrower snapshot removed.
borrowers,BRW0010362,EXACT_DUPLICATE,REJECT,Exact duplicate borrower snapshot removed.
borrowers,BRW0010019,EXACT_DUPLICATE,REJECT,Exact duplicate borrower snapshot removed.
borrowers,BRW0006753,EXACT_DUPLICATE,REJECT,Exact duplicate borrower snapshot removed.
borrowers,BRW0001621,EXACT_DUPLICATE,REJECT,Exact duplicate borrower snapshot removed.
borrowers,BRW0011174,EXACT_DUPLICATE,REJECT,Exact duplicate borrower snapshot removed.
borrowers,BRW0003185,EXACT_DUPLICATE,REJECT,Exact duplicate borrower snapshot removed.
borrowers,BRW0008439,EXACT_DUPLICATE,REJECT,Exact duplicate borrower snapshot removed.
borrowers,BRW0007951,EXACT_DUPLICATE,REJECT,Exact duplicate borrower snapshot removed.
borrowers,BRW0001223,EXACT_DUPLICATE,REJECT,Exact duplicate borrower snapshot removed.
borrowers,BRW0008034,EXACT_DUPLICATE,REJECT,Exact duplicate borrower snapshot removed.
borrowers,BRW0000425,EXACT_DUPLICATE,REJECT,Exact duplicate borrower snapshot removed.
borrowers,BRW0002032,EXACT_DUPLICATE,REJECT,Exact duplicate borrower snapshot removed.
borrowers,BRW0005630,EXACT_DUPLICATE,REJECT,Exact duplicate borrower snapshot removed.
borrowers,BRW0005903,EXACT_DUPLICATE,REJECT,Exact duplicate borrower snapshot removed.
borrowers,BRW0007482,EXACT_DUPLICATE,REJECT,Exact duplicate borrower snapshot removed.
borrowers,BRW0011709,EXACT_DUPLICATE,REJECT,Exact duplicate borrower snapshot removed.
borrowers,BRW0003738,EXACT_DUPLICATE,REJECT,Exact duplicate borrower snapshot removed.
borrowers,BRW0010325,EXACT_DUPLICATE,REJECT,Exact duplicate borrower snapshot removed.
borrowers,BRW0009849,EXACT_DUPLICATE,REJECT,Exact duplicate borrower snapshot removed.
borrowers,BRW0010876,EXACT_DUPLICATE,REJECT,Exact duplicate borrower snapshot removed.
borrowers,BRW0006474,EXACT_DUPLICATE,REJECT,Exact duplicate borrower snapshot removed.
borrowers,BRW0011047,EXACT_DUPLICATE,REJECT,Exact duplicate borrower snapshot removed.
borrowers,BRW0009863,EXACT_DUPLICATE,REJECT,Exact duplicate borrower snapshot removed.
borrowers,BRW0008918,EXACT_DUPLICATE,REJECT,Exact duplicate borrower snapshot removed.
borrowers,BRW0007275,EXACT_DUPLICATE,REJECT,Exact duplicate borrower snapshot removed.
borrowers,BRW0000064,EXACT_DUPLICATE,REJECT,Exact duplicate borrower snapshot removed.
borrowers,BRW0006056,EXACT_DUPLICATE,REJECT,Exact duplicate borrower snapshot removed.
borrowers,BRW0010285,EXACT_DUPLICATE,REJECT,Exact duplicate borrower snapshot removed.
borrowers,BRW0005621,EXACT_DUPLICATE,REJECT,Exact duplicate borrower snapshot removed.
borrowers,BRW0003276,EXACT_DUPLICATE,REJECT,Exact duplicate borrower snapshot removed.
borrowers,BRW0007462,EXACT_DUPLICATE,REJECT,Exact duplicate borrower snapshot removed.
borrowers,BRW0006742,EXACT_DUPLICATE,REJECT,Exact duplicate borrower snapshot removed.
borrowers,BRW0004375,EXACT_DUPLICATE,REJECT,Exact duplicate borrower snapshot removed.
borrowers,BRW0002300,EXACT_DUPLICATE,REJECT,Exact duplicate borrower snapshot removed.
borrowers,BRW0000997,EXACT_DUPLICATE,REJECT,Exact duplicate borrower snapshot removed.
borrowers,BRW0001638,EXACT_DUPLICATE,REJECT,Exact duplicate borrower snapshot removed.
borrowers,BRW0009454,EXACT_DUPLICATE,REJECT,Exact duplicate borrower snapshot removed.
borrowers,BRW0011502,EXACT_DUPLICATE,REJECT,Exact duplicate borrower snapshot removed.
borrowers,BRW0007461,EXACT_DUPLICATE,REJECT,Exact duplicate borrower snapshot removed.
borrowers,BRW0007902,EXACT_DUPLICATE,REJECT,Exact duplicate borrower snapshot removed.
borrowers,BRW0011111,EXACT_DUPLICATE,REJECT,Exact duplicate borrower snapshot removed.
borrowers,BRW0010910,EXACT_DUPLICATE,REJECT,Exact duplicate borrower snapshot removed.
borrowers,BRW0000787,EXACT_DUPLICATE,REJECT,Exact duplicate borrower snapshot removed.
borrowers,BRW0003450,EXACT_DUPLICATE,REJECT,Exact duplicate borrower snapshot removed.
borrowers,BRW0000358,EXACT_DUPLICATE,REJECT,Exact duplicate borrower snapshot removed.
borrowers,BRW0004932,EXACT_DUPLICATE,REJECT,Exact duplicate borrower snapshot removed.
borrowers,BRW0011709,EXACT_DUPLICATE,REJECT,Exact duplicate borrower snapshot removed.
borrowers,BRW0007612,EXACT_DUPLICATE,REJECT,Exact duplicate borrower snapshot removed.
borrowers,BRW0006106,EXACT_DUPLICATE,REJECT,Exact duplicate borrower snapshot removed.
borrowers,BRW0010998,EXACT_DUPLICATE,REJECT,Exact duplicate borrower snapshot removed.
borrowers,BRW0002282,EXACT_DUPLICATE,REJECT,Exact duplicate borrower snapshot removed.
borrowers,BRW0001958,EXACT_DUPLICATE,REJECT,Exact duplicate borrower snapshot removed.
borrowers,BRW0010815,EXACT_DUPLICATE,REJECT,Exact duplicate borrower snapshot removed.
borrowers,BRW0010561,EXACT_DUPLICATE,REJECT,Exact duplicate borrower snapshot removed.
borrowers,BRW0006543,EXACT_DUPLICATE,REJECT,Exact duplicate borrower snapshot removed.
borrowers,BRW0000540,EXACT_DUPLICATE,REJECT,Exact duplicate borrower snapshot removed.
borrowers,BRW0006286,EXACT_DUPLICATE,REJECT,Exact duplicate borrower snapshot removed.
borrowers,BRW0003483,EXACT_DUPLICATE,REJECT,Exact duplicate borrower snapshot removed.
borrowers,BRW0003997,EXACT_DUPLICATE,REJECT,Exact duplicate borrower snapshot removed.
borrowers,BRW0007587,EXACT_DUPLICATE,REJECT,Exact duplicate borrower snapshot removed.
borrowers,BRW0005732,EXACT_DUPLICATE,REJECT,Exact duplicate borrower snapshot removed.
borrowers,BRW0009361,EXACT_DUPLICATE,REJECT,Exact duplicate borrower snapshot removed.
borrowers,BRW0004743,EXACT_DUPLICATE,REJECT,Exact duplicate borrower snapshot removed.
borrowers,BRW0010470,EXACT_DUPLICATE,REJECT,Exact duplicate borrower snapshot removed.
borrowers,BRW0005407,EXACT_DUPLICATE,REJECT,Exact duplicate borrower snapshot removed.
borrowers,BRW0003697,EXACT_DUPLICATE,REJECT,Exact duplicate borrower snapshot removed.
borrowers,BRW0001473,EXACT_DUPLICATE,REJECT,Exact duplicate borrower snapshot removed.
borrowers,BRW0003969,EXACT_DUPLICATE,REJECT,Exact duplicate borrower snapshot removed.
borrowers,BRW0011680,EXACT_DUPLICATE,REJECT,Exact duplicate borrower snapshot removed.
borrowers,BRW0006870,EXACT_DUPLICATE,REJECT,Exact duplicate borrower snapshot removed.
borrowers,BRW0006143,EXACT_DUPLICATE,REJECT,Exact duplicate borrower snapshot removed.
borrowers,BRW0003889,EXACT_DUPLICATE,REJECT,Exact duplicate borrower snapshot removed.
borrowers,BRW0009178,EXACT_DUPLICATE,REJECT,Exact duplicate borrower snapshot removed.
borrowers,BRW0003256,EXACT_DUPLICATE,REJECT,Exact duplicate borrower snapshot removed.
borrowers,BRW0011119,EXACT_DUPLICATE,REJECT,Exact duplicate borrower snapshot removed.
borrowers,BRW0005973,EXACT_DUPLICATE,REJECT,Exact duplicate borrower snapshot removed.
borrowers,BRW0002771,EXACT_DUPLICATE,REJECT,Exact duplicate borrower snapshot removed.
borrowers,BRW0008064,EXACT_DUPLICATE,REJECT,Exact duplicate borrower snapshot removed.
borrowers,BRW0005043,EXACT_DUPLICATE,REJECT,Exact duplicate borrower snapshot removed.
borrowers,BRW0006840,EXACT_DUPLICATE,REJECT,Exact duplicate borrower snapshot removed.
borrowers,BRW0008616,EXACT_DUPLICATE,REJECT,Exact duplicate borrower snapshot removed.
borrowers,BRW0002304,EXACT_DUPLICATE,REJECT,Exact duplicate borrower snapshot removed.
borrowers,BRW0005347,EXACT_DUPLICATE,REJECT,Exact duplicate borrower snapshot removed.
borrowers,BRW0001007,EXACT_DUPLICATE,REJECT,Exact duplicate borrower snapshot removed.
borrowers,BRW0008266,EXACT_DUPLICATE,REJECT,Exact duplicate borrower snapshot removed.
borrowers,BRW0001667,EXACT_DUPLICATE,REJECT,Exact duplicate borrower snapshot removed.
borrowers,BRW0007100,EXACT_DUPLICATE,REJECT,Exact duplicate borrower snapshot removed.
borrowers,BRW0001769,EXACT_DUPLICATE,REJECT,Exact duplicate borrower snapshot removed.
borrowers,BRW0000185,EXACT_DUPLICATE,REJECT,Exact duplicate borrower snapshot removed.
borrowers,BRW0005890,EXACT_DUPLICATE,REJECT,Exact duplicate borrower snapshot removed.
borrowers,BRW0010719,EXACT_DUPLICATE,REJECT,Exact duplicate borrower snapshot removed.
borrowers,BRW0004881,EXACT_DUPLICATE,REJECT,Exact duplicate borrower snapshot removed.
borrowers,BRW0005904,EXACT_DUPLICATE,REJECT,Exact duplicate borrower snapshot removed.
borrowers,BRW0002740,EXACT_DUPLICATE,REJECT,Exact duplicate borrower snapshot removed.
borrowers,BRW0006958,EXACT_DUPLICATE,REJECT,Exact duplicate borrower snapshot removed.
borrowers,BRW0011896,EXACT_DUPLICATE,REJECT,Exact duplicate borrower snapshot removed.
borrowers,BRW0002430,EXACT_DUPLICATE,REJECT,Exact duplicate borrower snapshot removed.
borrowers,BRW0010940,EXACT_DUPLICATE,REJECT,Exact duplicate borrower snapshot removed.
borrowers,BRW0005621,EXACT_DUPLICATE,REJECT,Exact duplicate borrower snapshot removed.
borrowers,BRW0004776,EXACT_DUPLICATE,REJECT,Exact duplicate borrower snapshot removed.
borrowers,BRW0009304,EXACT_DUPLICATE,REJECT,Exact duplicate borrower snapshot removed.
borrowers,BRW0002404,EXACT_DUPLICATE,REJECT,Exact duplicate borrower snapshot removed.
calls,CALL0034972,EXACT_DUPLICATE,REJECT,Exact duplicate call event removed.
calls,CALL0036570,EXACT_DUPLICATE,REJECT,Exact duplicate call event removed.
calls,CALL0030265,EXACT_DUPLICATE,REJECT,Exact duplicate call event removed.
calls,CALL0009496,EXACT_DUPLICATE,REJECT,Exact duplicate call event removed.
calls,CALL0065717,EXACT_DUPLICATE,REJECT,Exact duplicate call event removed.
calls,CALL0074573,EXACT_DUPLICATE,REJECT,Exact duplicate call event removed.
calls,CALL0017418,EXACT_DUPLICATE,REJECT,Exact duplicate call event removed.
calls,CALL0010586,EXACT_DUPLICATE,REJECT,Exact duplicate call event removed.
calls,CALL0085691,EXACT_DUPLICATE,REJECT,Exact duplicate call event removed.
calls,CALL0005233,EXACT_DUPLICATE,REJECT,Exact duplicate call event removed.
calls,CALL0036607,EXACT_DUPLICATE,REJECT,Exact duplicate call event removed.
calls,CALL0088632,EXACT_DUPLICATE,REJECT,Exact duplicate call event removed.
calls,CALL0069617,EXACT_DUPLICATE,REJECT,Exact duplicate call event removed.
calls,CALL0072205,EXACT_DUPLICATE,REJECT,Exact duplicate call event removed.
calls,CALL0044209,EXACT_DUPLICATE,REJECT,Exact duplicate call event removed.
calls,CALL0023358,EXACT_DUPLICATE,REJECT,Exact duplicate call event removed.
calls,CALL0006442,EXACT_DUPLICATE,REJECT,Exact duplicate call event removed.
calls,CALL0016282,EXACT_DUPLICATE,REJECT,Exact duplicate call event removed.
calls,CALL0048013,EXACT_DUPLICATE,REJECT,Exact duplicate call event removed.
calls,CALL0082727,EXACT_DUPLICATE,REJECT,Exact duplicate call event removed.
calls,CALL0057240,EXACT_DUPLICATE,REJECT,Exact duplicate call event removed.
calls,CALL0087668,EXACT_DUPLICATE,REJECT,Exact duplicate call event removed.
calls,CALL0044319,EXACT_DUPLICATE,REJECT,Exact duplicate call event removed.
calls,CALL0048748,EXACT_DUPLICATE,REJECT,Exact duplicate call event removed.
calls,CALL0009667,EXACT_DUPLICATE,REJECT,Exact duplicate call event removed.
calls,CALL0070394,EXACT_DUPLICATE,REJECT,Exact duplicate call event removed.
calls,CALL0075296,EXACT_DUPLICATE,REJECT,Exact duplicate call event removed.
calls,CALL0026537,EXACT_DUPLICATE,REJECT,Exact duplicate call event removed.
calls,CALL0031094,EXACT_DUPLICATE,REJECT,Exact duplicate call event removed.
calls,CALL0041628,EXACT_DUPLICATE,REJECT,Exact duplicate call event removed.
calls,CALL0003993,EXACT_DUPLICATE,REJECT,Exact duplicate call event removed.
calls,CALL0083067,EXACT_DUPLICATE,REJECT,Exact duplicate call event removed.
calls,CALL0005035,EXACT_DUPLICATE,REJECT,Exact duplicate call event removed.
calls,CALL0019102,EXACT_DUPLICATE,REJECT,Exact duplicate call event removed.
calls,CALL0003678,EXACT_DUPLICATE,REJECT,Exact duplicate call event removed.
calls,CALL0085674,EXACT_DUPLICATE,REJECT,Exact duplicate call event removed.
calls,CALL0030492,EXACT_DUPLICATE,REJECT,Exact duplicate call event removed.
calls,CALL0024468,EXACT_DUPLICATE,REJECT,Exact duplicate call event removed.
calls,CALL0073527,EXACT_DUPLICATE,REJECT,Exact duplicate call event removed.
calls,CALL0086717,EXACT_DUPLICATE,REJECT,Exact duplicate call event removed.
calls,CALL0045495,EXACT_DUPLICATE,REJECT,Exact duplicate call event removed.
calls,CALL0044122,EXACT_DUPLICATE,REJECT,Exact duplicate call event removed.
calls,CALL0039496,EXACT_DUPLICATE,REJECT,Exact duplicate call event removed.
calls,CALL0069276,EXACT_DUPLICATE,REJECT,Exact duplicate call event removed.
calls,CALL0026275,EXACT_DUPLICATE,REJECT,Exact duplicate call event removed.
calls,CALL0052553,EXACT_DUPLICATE,REJECT,Exact duplicate call event removed.
calls,CALL0012860,EXACT_DUPLICATE,REJECT,Exact duplicate call event removed.
calls,CALL0081702,EXACT_DUPLICATE,REJECT,Exact duplicate call event removed.
calls,CALL0005112,EXACT_DUPLICATE,REJECT,Exact duplicate call event removed.
calls,CALL0033807,EXACT_DUPLICATE,REJECT,Exact duplicate call event removed.
calls,CALL0077807,EXACT_DUPLICATE,REJECT,Exact duplicate call event removed.
calls,CALL0078191,EXACT_DUPLICATE,REJECT,Exact duplicate call event removed.
calls,CALL0042551,EXACT_DUPLICATE,REJECT,Exact duplicate call event removed.
calls,CALL0077497,EXACT_DUPLICATE,REJECT,Exact duplicate call event removed.
calls,CALL0068474,EXACT_DUPLICATE,REJECT,Exact duplicate call event removed.
calls,CALL0061380,EXACT_DUPLICATE,REJECT,Exact duplicate call event removed.
calls,CALL0047931,EXACT_DUPLICATE,REJECT,Exact duplicate call event removed.
calls,CALL0075827,EXACT_DUPLICATE,REJECT,Exact duplicate call event removed.
calls,CALL0083771,EXACT_DUPLICATE,REJECT,Exact duplicate call event removed.
calls,CALL0043158,EXACT_DUPLICATE,REJECT,Exact duplicate call event removed.
calls,CALL0031650,EXACT_DUPLICATE,REJECT,Exact duplicate call event removed.
calls,CALL0085840,EXACT_DUPLICATE,REJECT,Exact duplicate call event removed.
calls,CALL0050694,EXACT_DUPLICATE,REJECT,Exact duplicate call event removed.
calls,CALL0027879,EXACT_DUPLICATE,REJECT,Exact duplicate call event removed.
calls,CALL0001354,EXACT_DUPLICATE,REJECT,Exact duplicate call event removed.
calls,CALL0056941,EXACT_DUPLICATE,REJECT,Exact duplicate call event removed.
calls,CALL0027677,EXACT_DUPLICATE,REJECT,Exact duplicate call event removed.
calls,CALL0083615,EXACT_DUPLICATE,REJECT,Exact duplicate call event removed.
calls,CALL0065331,EXACT_DUPLICATE,REJECT,Exact duplicate call event removed.
calls,CALL0066194,EXACT_DUPLICATE,REJECT,Exact duplicate call event removed.
calls,CALL0088907,EXACT_DUPLICATE,REJECT,Exact duplicate call event removed.
calls,CALL0073270,EXACT_DUPLICATE,REJECT,Exact duplicate call event removed.
calls,CALL0026940,EXACT_DUPLICATE,REJECT,Exact duplicate call event removed.
calls,CALL0017598,EXACT_DUPLICATE,REJECT,Exact duplicate call event removed.
calls,CALL0009767,EXACT_DUPLICATE,REJECT,Exact duplicate call event removed.
calls,CALL0082181,EXACT_DUPLICATE,REJECT,Exact duplicate call event removed.
calls,CALL0069553,EXACT_DUPLICATE,REJECT,Exact duplicate call event removed.
calls,CALL0064709,EXACT_DUPLICATE,REJECT,Exact duplicate call event removed.
calls,CALL0062993,EXACT_DUPLICATE,REJECT,Exact duplicate call event removed.
calls,CALL0013042,EXACT_DUPLICATE,REJECT,Exact duplicate call event removed.
calls,CALL0087458,EXACT_DUPLICATE,REJECT,Exact duplicate call event removed.
calls,CALL0019891,EXACT_DUPLICATE,REJECT,Exact duplicate call event removed.
calls,CALL0088992,EXACT_DUPLICATE,REJECT,Exact duplicate call event removed.
calls,CALL0064727,EXACT_DUPLICATE,REJECT,Exact duplicate call event removed.
calls,CALL0004165,EXACT_DUPLICATE,REJECT,Exact duplicate call event removed.
calls,CALL0072148,EXACT_DUPLICATE,REJECT,Exact duplicate call event removed.
calls,CALL0082652,EXACT_DUPLICATE,REJECT,Exact duplicate call event removed.
calls,CALL0072627,EXACT_DUPLICATE,REJECT,Exact duplicate call event removed.
calls,CALL0025790,EXACT_DUPLICATE,REJECT,Exact duplicate call event removed.
calls,CALL0080831,EXACT_DUPLICATE,REJECT,Exact duplicate call event removed.
calls,CALL0027422,EXACT_DUPLICATE,REJECT,Exact duplicate call event removed.
calls,CALL0050776,EXACT_DUPLICATE,REJECT,Exact duplicate call event removed.
calls,CALL0005409,EXACT_DUPLICATE,REJECT,Exact duplicate call event removed.
calls,CALL0075007,EXACT_DUPLICATE,REJECT,Exact duplicate call event removed.
calls,CALL0088280,EXACT_DUPLICATE,REJECT,Exact duplicate call event removed.
calls,CALL0007186,EXACT_DUPLICATE,REJECT,Exact duplicate call event removed.
calls,CALL0078917,EXACT_DUPLICATE,REJECT,Exact duplicate call event removed.
calls,CALL0017753,EXACT_DUPLICATE,REJECT,Exact duplicate call event removed.
calls,CALL0082722,EXACT_DUPLICATE,REJECT,Exact duplicate call event removed.
calls,CALL0031046,EXACT_DUPLICATE,REJECT,Exact duplicate call event removed.
calls,CALL0024956,EXACT_DUPLICATE,REJECT,Exact duplicate call event removed.
calls,CALL0065222,EXACT_DUPLICATE,REJECT,Exact duplicate call event removed.
calls,CALL0074057,EXACT_DUPLICATE,REJECT,Exact duplicate call event removed.
calls,CALL0018860,EXACT_DUPLICATE,REJECT,Exact duplicate call event removed.
calls,CALL0002685,EXACT_DUPLICATE,REJECT,Exact duplicate call event removed.
calls,CALL0066929,EXACT_DUPLICATE,REJECT,Exact duplicate call event removed.
calls,CALL0069525,EXACT_DUPLICATE,REJECT,Exact duplicate call event removed.
calls,CALL0083863,EXACT_DUPLICATE,REJECT,Exact duplicate call event removed.
calls,CALL0075492,EXACT_DUPLICATE,REJECT,Exact duplicate call event removed.
calls,CALL0066874,EXACT_DUPLICATE,REJECT,Exact duplicate call event removed.
calls,CALL0070797,EXACT_DUPLICATE,REJECT,Exact duplicate call event removed.
calls,CALL0016846,EXACT_DUPLICATE,REJECT,Exact duplicate call event removed.
calls,CALL0017866,EXACT_DUPLICATE,REJECT,Exact duplicate call event removed.
calls,CALL0020153,EXACT_DUPLICATE,REJECT,Exact duplicate call event removed.
calls,CALL0007475,EXACT_DUPLICATE,REJECT,Exact duplicate call event removed.
calls,CALL0057944,EXACT_DUPLICATE,REJECT,Exact duplicate call event removed.
calls,CALL0004135,EXACT_DUPLICATE,REJECT,Exact duplicate call event removed.
calls,CALL0074112,EXACT_DUPLICATE,REJECT,Exact duplicate call event removed.
calls,CALL0029008,EXACT_DUPLICATE,REJECT,Exact duplicate call event removed.
calls,CALL0087186,EXACT_DUPLICATE,REJECT,Exact duplicate call event removed.
calls,CALL0045620,EXACT_DUPLICATE,REJECT,Exact duplicate call event removed.
calls,CALL0082654,EXACT_DUPLICATE,REJECT,Exact duplicate call event removed.
calls,CALL0054902,EXACT_DUPLICATE,REJECT,Exact duplicate call event removed.
calls,CALL0029167,EXACT_DUPLICATE,REJECT,Exact duplicate call event removed.
calls,CALL0015054,EXACT_DUPLICATE,REJECT,Exact duplicate call event removed.
calls,CALL0075097,EXACT_DUPLICATE,REJECT,Exact duplicate call event removed.
calls,CALL0021575,EXACT_DUPLICATE,REJECT,Exact duplicate call event removed.
calls,CALL0050276,EXACT_DUPLICATE,REJECT,Exact duplicate call event removed.
calls,CALL0042848,EXACT_DUPLICATE,REJECT,Exact duplicate call event removed.
calls,CALL0082332,EXACT_DUPLICATE,REJECT,Exact duplicate call event removed.
calls,CALL0062034,EXACT_DUPLICATE,REJECT,Exact duplicate call event removed.
calls,CALL0087321,EXACT_DUPLICATE,REJECT,Exact duplicate call event removed.
calls,CALL0077041,EXACT_DUPLICATE,REJECT,Exact duplicate call event removed.
calls,CALL0007459,EXACT_DUPLICATE,REJECT,Exact duplicate call event removed.
calls,CALL0022621,EXACT_DUPLICATE,REJECT,Exact duplicate call event removed.
calls,CALL0072819,EXACT_DUPLICATE,REJECT,Exact duplicate call event removed.
calls,CALL0015798,EXACT_DUPLICATE,REJECT,Exact duplicate call event removed.
calls,CALL0048440,EXACT_DUPLICATE,REJECT,Exact duplicate call event removed.
calls,CALL0039684,EXACT_DUPLICATE,REJECT,Exact duplicate call event removed.
calls,CALL0000374,EXACT_DUPLICATE,REJECT,Exact duplicate call event removed.
calls,CALL0070240,EXACT_DUPLICATE,REJECT,Exact duplicate call event removed.
calls,CALL0068983,EXACT_DUPLICATE,REJECT,Exact duplicate call event removed.
calls,CALL0036501,EXACT_DUPLICATE,REJECT,Exact duplicate call event removed.
calls,CALL0003160,EXACT_DUPLICATE,REJECT,Exact duplicate call event removed.
calls,CALL0037610,EXACT_DUPLICATE,REJECT,Exact duplicate call event removed.
calls,CALL0075390,EXACT_DUPLICATE,REJECT,Exact duplicate call event removed.
calls,CALL0052388,EXACT_DUPLICATE,REJECT,Exact duplicate call event removed.
calls,CALL0050784,EXACT_DUPLICATE,REJECT,Exact duplicate call event removed.
calls,CALL0009157,EXACT_DUPLICATE,REJECT,Exact duplicate call event removed.
calls,CALL0063637,EXACT_DUPLICATE,REJECT,Exact duplicate call event removed.
calls,CALL0083689,EXACT_DUPLICATE,REJECT,Exact duplicate call event removed.
calls,CALL0027425,EXACT_DUPLICATE,REJECT,Exact duplicate call event removed.
calls,CALL0063390,EXACT_DUPLICATE,REJECT,Exact duplicate call event removed.
calls,CALL0084135,EXACT_DUPLICATE,REJECT,Exact duplicate call event removed.
calls,CALL0007249,EXACT_DUPLICATE,REJECT,Exact duplicate call event removed.
calls,CALL0004624,EXACT_DUPLICATE,REJECT,Exact duplicate call event removed.
calls,CALL0042484,EXACT_DUPLICATE,REJECT,Exact duplicate call event removed.
calls,CALL0085780,EXACT_DUPLICATE,REJECT,Exact duplicate call event removed.
calls,CALL0003847,EXACT_DUPLICATE,REJECT,Exact duplicate call event removed.
calls,CALL0048903,EXACT_DUPLICATE,REJECT,Exact duplicate call event removed.
calls,CALL0055922,EXACT_DUPLICATE,REJECT,Exact duplicate call event removed.
calls,CALL0025072,EXACT_DUPLICATE,REJECT,Exact duplicate call event removed.
calls,CALL0020954,EXACT_DUPLICATE,REJECT,Exact duplicate call event removed.
calls,CALL0047148,EXACT_DUPLICATE,REJECT,Exact duplicate call event removed.
calls,CALL0087188,EXACT_DUPLICATE,REJECT,Exact duplicate call event removed.
calls,CALL0059560,EXACT_DUPLICATE,REJECT,Exact duplicate call event removed.
calls,CALL0047290,EXACT_DUPLICATE,REJECT,Exact duplicate call event removed.
calls,CALL0000822,EXACT_DUPLICATE,REJECT,Exact duplicate call event removed.
calls,CALL0023119,EXACT_DUPLICATE,REJECT,Exact duplicate call event removed.
calls,CALL0088084,EXACT_DUPLICATE,REJECT,Exact duplicate call event removed.
calls,CALL0001109,EXACT_DUPLICATE,REJECT,Exact duplicate call event removed.
calls,CALL0056069,EXACT_DUPLICATE,REJECT,Exact duplicate call event removed.
calls,CALL0016738,EXACT_DUPLICATE,REJECT,Exact duplicate call event removed.
calls,CALL0060524,EXACT_DUPLICATE,REJECT,Exact duplicate call event removed.
calls,CALL0056249,EXACT_DUPLICATE,REJECT,Exact duplicate call event removed.
calls,CALL0008332,EXACT_DUPLICATE,REJECT,Exact duplicate call event removed.
calls,CALL0086481,EXACT_DUPLICATE,REJECT,Exact duplicate call event removed.
calls,CALL0031258,EXACT_DUPLICATE,REJECT,Exact duplicate call event removed.
calls,CALL0082200,EXACT_DUPLICATE,REJECT,Exact duplicate call event removed.
calls,CALL0042665,EXACT_DUPLICATE,REJECT,Exact duplicate call event removed.
calls,CALL0023118,EXACT_DUPLICATE,REJECT,Exact duplicate call event removed.
calls,CALL0045463,EXACT_DUPLICATE,REJECT,Exact duplicate call event removed.
calls,CALL0038080,EXACT_DUPLICATE,REJECT,Exact duplicate call event removed.
calls,CALL0027952,EXACT_DUPLICATE,REJECT,Exact duplicate call event removed.
calls,CALL0042090,EXACT_DUPLICATE,REJECT,Exact duplicate call event removed.
calls,CALL0036541,EXACT_DUPLICATE,REJECT,Exact duplicate call event removed.
calls,CALL0049415,EXACT_DUPLICATE,REJECT,Exact duplicate call event removed.
calls,CALL0024254,EXACT_DUPLICATE,REJECT,Exact duplicate call event removed.
calls,CALL0001236,EXACT_DUPLICATE,REJECT,Exact duplicate call event removed.
calls,CALL0054436,EXACT_DUPLICATE,REJECT,Exact duplicate call event removed.
calls,CALL0018587,EXACT_DUPLICATE,REJECT,Exact duplicate call event removed.
calls,CALL0088185,EXACT_DUPLICATE,REJECT,Exact duplicate call event removed.
calls,CALL0081039,EXACT_DUPLICATE,REJECT,Exact duplicate call event removed.
calls,CALL0082397,EXACT_DUPLICATE,REJECT,Exact duplicate call event removed.
calls,CALL0028366,EXACT_DUPLICATE,REJECT,Exact duplicate call event removed.
calls,CALL0070155,EXACT_DUPLICATE,REJECT,Exact duplicate call event removed.
calls,CALL0018221,EXACT_DUPLICATE,REJECT,Exact duplicate call event removed.
calls,CALL0059147,EXACT_DUPLICATE,REJECT,Exact duplicate call event removed.
calls,CALL0070625,EXACT_DUPLICATE,REJECT,Exact duplicate call event removed.
calls,CALL0008658,EXACT_DUPLICATE,REJECT,Exact duplicate call event removed.
calls,CALL0035611,EXACT_DUPLICATE,REJECT,Exact duplicate call event removed.
calls,CALL0044106,EXACT_DUPLICATE,REJECT,Exact duplicate call event removed.
calls,CALL0056922,EXACT_DUPLICATE,REJECT,Exact duplicate call event removed.
calls,CALL0077248,EXACT_DUPLICATE,REJECT,Exact duplicate call event removed.
calls,CALL0020190,EXACT_DUPLICATE,REJECT,Exact duplicate call event removed.
calls,CALL0039594,EXACT_DUPLICATE,REJECT,Exact duplicate call event removed.
calls,CALL0030185,EXACT_DUPLICATE,REJECT,Exact duplicate call event removed.
calls,CALL0089164,EXACT_DUPLICATE,REJECT,Exact duplicate call event removed.
calls,CALL0065942,EXACT_DUPLICATE,REJECT,Exact duplicate call event removed.
calls,CALL0019307,EXACT_DUPLICATE,REJECT,Exact duplicate call event removed.
calls,CALL0054213,EXACT_DUPLICATE,REJECT,Exact duplicate call event removed.
calls,CALL0049855,EXACT_DUPLICATE,REJECT,Exact duplicate call event removed.
calls,CALL0049267,EXACT_DUPLICATE,REJECT,Exact duplicate call event removed.
calls,CALL0055920,EXACT_DUPLICATE,REJECT,Exact duplicate call event removed.
calls,CALL0037031,EXACT_DUPLICATE,REJECT,Exact duplicate call event removed.
calls,CALL0000772,EXACT_DUPLICATE,REJECT,Exact duplicate call event removed.
calls,CALL0054276,EXACT_DUPLICATE,REJECT,Exact duplicate call event removed.
calls,CALL0027541,EXACT_DUPLICATE,REJECT,Exact duplicate call event removed.
calls,CALL0088987,EXACT_DUPLICATE,REJECT,Exact duplicate call event removed.
calls,CALL0072301,EXACT_DUPLICATE,REJECT,Exact duplicate call event removed.
calls,CALL0059378,EXACT_DUPLICATE,REJECT,Exact duplicate call event removed.
calls,CALL0018002,EXACT_DUPLICATE,REJECT,Exact duplicate call event removed.
calls,CALL0034791,EXACT_DUPLICATE,REJECT,Exact duplicate call event removed.
calls,CALL0067247,EXACT_DUPLICATE,REJECT,Exact duplicate call event removed.
calls,CALL0082307,EXACT_DUPLICATE,REJECT,Exact duplicate call event removed.
calls,CALL0086313,EXACT_DUPLICATE,REJECT,Exact duplicate call event removed.
calls,CALL0089090,EXACT_DUPLICATE,REJECT,Exact duplicate call event removed.
calls,CALL0045621,EXACT_DUPLICATE,REJECT,Exact duplicate call event removed.
calls,CALL0017864,EXACT_DUPLICATE,REJECT,Exact duplicate call event removed.
calls,CALL0077189,EXACT_DUPLICATE,REJECT,Exact duplicate call event removed.
calls,CALL0005563,EXACT_DUPLICATE,REJECT,Exact duplicate call event removed.
calls,CALL0066438,EXACT_DUPLICATE,REJECT,Exact duplicate call event removed.
calls,CALL0078427,EXACT_DUPLICATE,REJECT,Exact duplicate call event removed.
calls,CALL0034612,EXACT_DUPLICATE,REJECT,Exact duplicate call event removed.
calls,CALL0049654,EXACT_DUPLICATE,REJECT,Exact duplicate call event removed.
calls,CALL0031598,EXACT_DUPLICATE,REJECT,Exact duplicate call event removed.
calls,CALL0055998,EXACT_DUPLICATE,REJECT,Exact duplicate call event removed.
calls,CALL0008483,EXACT_DUPLICATE,REJECT,Exact duplicate call event removed.
calls,CALL0079886,EXACT_DUPLICATE,REJECT,Exact duplicate call event removed.
calls,CALL0085752,EXACT_DUPLICATE,REJECT,Exact duplicate call event removed.
calls,CALL0012664,EXACT_DUPLICATE,REJECT,Exact duplicate call event removed.
calls,CALL0057351,EXACT_DUPLICATE,REJECT,Exact duplicate call event removed.
calls,CALL0048643,EXACT_DUPLICATE,REJECT,Exact duplicate call event removed.
calls,CALL0052470,EXACT_DUPLICATE,REJECT,Exact duplicate call event removed.
calls,CALL0019790,EXACT_DUPLICATE,REJECT,Exact duplicate call event removed.
calls,CALL0084843,EXACT_DUPLICATE,REJECT,Exact duplicate call event removed.
calls,CALL0073258,EXACT_DUPLICATE,REJECT,Exact duplicate call event removed.
calls,CALL0067845,EXACT_DUPLICATE,REJECT,Exact duplicate call event removed.
calls,CALL0085401,EXACT_DUPLICATE,REJECT,Exact duplicate call event removed.
calls,CALL0083824,EXACT_DUPLICATE,REJECT,Exact duplicate call event removed.
calls,CALL0047641,EXACT_DUPLICATE,REJECT,Exact duplicate call event removed.
calls,CALL0042420,EXACT_DUPLICATE,REJECT,Exact duplicate call event removed.
calls,CALL0014977,EXACT_DUPLICATE,REJECT,Exact duplicate call event removed.
calls,CALL0004779,EXACT_DUPLICATE,REJECT,Exact duplicate call event removed.
calls,CALL0060721,EXACT_DUPLICATE,REJECT,Exact duplicate call event removed.
calls,CALL0022452,EXACT_DUPLICATE,REJECT,Exact duplicate call event removed.
calls,CALL0069941,EXACT_DUPLICATE,REJECT,Exact duplicate call event removed.
calls,CALL0075357,EXACT_DUPLICATE,REJECT,Exact duplicate call event removed.
calls,CALL0035367,EXACT_DUPLICATE,REJECT,Exact duplicate call event removed.
calls,CALL0084063,EXACT_DUPLICATE,REJECT,Exact duplicate call event removed.
calls,CALL0084550,EXACT_DUPLICATE,REJECT,Exact duplicate call event removed.
calls,CALL0010778,EXACT_DUPLICATE,REJECT,Exact duplicate call event removed.
calls,CALL0063343,EXACT_DUPLICATE,REJECT,Exact duplicate call event removed.
calls,CALL0034934,EXACT_DUPLICATE,REJECT,Exact duplicate call event removed.
calls,CALL0072040,EXACT_DUPLICATE,REJECT,Exact duplicate call event removed.
calls,CALL0060480,EXACT_DUPLICATE,REJECT,Exact duplicate call event removed.
calls,CALL0082089,EXACT_DUPLICATE,REJECT,Exact duplicate call event removed.
calls,CALL0012080,EXACT_DUPLICATE,REJECT,Exact duplicate call event removed.
calls,CALL0021518,EXACT_DUPLICATE,REJECT,Exact duplicate call event removed.
calls,CALL0047450,EXACT_DUPLICATE,REJECT,Exact duplicate call event removed.
calls,CALL0038467,EXACT_DUPLICATE,REJECT,Exact duplicate call event removed.
calls,CALL0072045,EXACT_DUPLICATE,REJECT,Exact duplicate call event removed.
calls,CALL0014944,EXACT_DUPLICATE,REJECT,Exact duplicate call event removed.
calls,CALL0072225,EXACT_DUPLICATE,REJECT,Exact duplicate call event removed.
calls,CALL0054718,EXACT_DUPLICATE,REJECT,Exact duplicate call event removed.
calls,CALL0076711,EXACT_DUPLICATE,REJECT,Exact duplicate call event removed.
calls,CALL0002830,EXACT_DUPLICATE,REJECT,Exact duplicate call event removed.
calls,CALL0058345,EXACT_DUPLICATE,REJECT,Exact duplicate call event removed.
calls,CALL0087945,EXACT_DUPLICATE,REJECT,Exact duplicate call event removed.
calls,CALL0073856,EXACT_DUPLICATE,REJECT,Exact duplicate call event removed.
calls,CALL0045840,EXACT_DUPLICATE,REJECT,Exact duplicate call event removed.
calls,CALL0002707,EXACT_DUPLICATE,REJECT,Exact duplicate call event removed.
calls,CALL0080518,EXACT_DUPLICATE,REJECT,Exact duplicate call event removed.
calls,CALL0029111,EXACT_DUPLICATE,REJECT,Exact duplicate call event removed.
calls,CALL0025030,EXACT_DUPLICATE,REJECT,Exact duplicate call event removed.
calls,CALL0078315,EXACT_DUPLICATE,REJECT,Exact duplicate call event removed.
calls,CALL0084405,EXACT_DUPLICATE,REJECT,Exact duplicate call event removed.
calls,CALL0053888,EXACT_DUPLICATE,REJECT,Exact duplicate call event removed.
calls,CALL0080502,EXACT_DUPLICATE,REJECT,Exact duplicate call event removed.
calls,CALL0011546,EXACT_DUPLICATE,REJECT,Exact duplicate call event removed.
calls,CALL0032341,EXACT_DUPLICATE,REJECT,Exact duplicate call event removed.
calls,CALL0033106,EXACT_DUPLICATE,REJECT,Exact duplicate call event removed.
calls,CALL0070058,EXACT_DUPLICATE,REJECT,Exact duplicate call event removed.
calls,CALL0007403,EXACT_DUPLICATE,REJECT,Exact duplicate call event removed.
calls,CALL0013067,EXACT_DUPLICATE,REJECT,Exact duplicate call event removed.
calls,CALL0037106,EXACT_DUPLICATE,REJECT,Exact duplicate call event removed.
calls,CALL0027710,EXACT_DUPLICATE,REJECT,Exact duplicate call event removed.
calls,CALL0030226,EXACT_DUPLICATE,REJECT,Exact duplicate call event removed.
calls,CALL0024045,EXACT_DUPLICATE,REJECT,Exact duplicate call event removed.
calls,CALL0073851,EXACT_DUPLICATE,REJECT,Exact duplicate call event removed.
calls,CALL0023576,EXACT_DUPLICATE,REJECT,Exact duplicate call event removed.
calls,CALL0050722,EXACT_DUPLICATE,REJECT,Exact duplicate call event removed.
calls,CALL0081992,EXACT_DUPLICATE,REJECT,Exact duplicate call event removed.
calls,CALL0074877,EXACT_DUPLICATE,REJECT,Exact duplicate call event removed.
calls,CALL0033411,EXACT_DUPLICATE,REJECT,Exact duplicate call event removed.
calls,CALL0055755,EXACT_DUPLICATE,REJECT,Exact duplicate call event removed.
calls,CALL0077481,EXACT_DUPLICATE,REJECT,Exact duplicate call event removed.
calls,CALL0022499,EXACT_DUPLICATE,REJECT,Exact duplicate call event removed.
calls,CALL0029078,EXACT_DUPLICATE,REJECT,Exact duplicate call event removed.
calls,CALL0008942,EXACT_DUPLICATE,REJECT,Exact duplicate call event removed.
calls,CALL0000097,EXACT_DUPLICATE,REJECT,Exact duplicate call event removed.
calls,CALL0044346,EXACT_DUPLICATE,REJECT,Exact duplicate call event removed.
calls,CALL0043535,EXACT_DUPLICATE,REJECT,Exact duplicate call event removed.
calls,CALL0048211,EXACT_DUPLICATE,REJECT,Exact duplicate call event removed.
calls,CALL0039875,EXACT_DUPLICATE,REJECT,Exact duplicate call event removed.
calls,CALL0087872,EXACT_DUPLICATE,REJECT,Exact duplicate call event removed.
calls,CALL0014001,EXACT_DUPLICATE,REJECT,Exact duplicate call event removed.
calls,CALL0015468,EXACT_DUPLICATE,REJECT,Exact duplicate call event removed.
calls,CALL0085275,EXACT_DUPLICATE,REJECT,Exact duplicate call event removed.
calls,CALL0073773,EXACT_DUPLICATE,REJECT,Exact duplicate call event removed.
calls,CALL0083150,EXACT_DUPLICATE,REJECT,Exact duplicate call event removed.
calls,CALL0081237,EXACT_DUPLICATE,REJECT,Exact duplicate call event removed.
calls,CALL0004103,EXACT_DUPLICATE,REJECT,Exact duplicate call event removed.
calls,CALL0023432,EXACT_DUPLICATE,REJECT,Exact duplicate call event removed.
calls,CALL0024248,EXACT_DUPLICATE,REJECT,Exact duplicate call event removed.
calls,CALL0053386,EXACT_DUPLICATE,REJECT,Exact duplicate call event removed.
calls,CALL0045586,EXACT_DUPLICATE,REJECT,Exact duplicate call event removed.
calls,CALL0082156,EXACT_DUPLICATE,REJECT,Exact duplicate call event removed.
calls,CALL0046914,EXACT_DUPLICATE,REJECT,Exact duplicate call event removed.
calls,CALL0055442,EXACT_DUPLICATE,REJECT,Exact duplicate call event removed.
calls,CALL0062389,EXACT_DUPLICATE,REJECT,Exact duplicate call event removed.
calls,CALL0070181,EXACT_DUPLICATE,REJECT,Exact duplicate call event removed.
calls,CALL0065338,EXACT_DUPLICATE,REJECT,Exact duplicate call event removed.
calls,CALL0089386,EXACT_DUPLICATE,REJECT,Exact duplicate call event removed.
calls,CALL0057683,EXACT_DUPLICATE,REJECT,Exact duplicate call event removed.
calls,CALL0005619,EXACT_DUPLICATE,REJECT,Exact duplicate call event removed.
calls,CALL0005788,EXACT_DUPLICATE,REJECT,Exact duplicate call event removed.
calls,CALL0003846,EXACT_DUPLICATE,REJECT,Exact duplicate call event removed.
calls,CALL0047638,EXACT_DUPLICATE,REJECT,Exact duplicate call event removed.
calls,CALL0032421,EXACT_DUPLICATE,REJECT,Exact duplicate call event removed.
calls,CALL0055019,EXACT_DUPLICATE,REJECT,Exact duplicate call event removed.
calls,CALL0054437,EXACT_DUPLICATE,REJECT,Exact duplicate call event removed.
calls,CALL0081849,EXACT_DUPLICATE,REJECT,Exact duplicate call event removed.
calls,CALL0002756,EXACT_DUPLICATE,REJECT,Exact duplicate call event removed.
calls,CALL0062029,EXACT_DUPLICATE,REJECT,Exact duplicate call event removed.
calls,CALL0025922,EXACT_DUPLICATE,REJECT,Exact duplicate call event removed.
calls,CALL0000510,EXACT_DUPLICATE,REJECT,Exact duplicate call event removed.
calls,CALL0006467,EXACT_DUPLICATE,REJECT,Exact duplicate call event removed.
calls,CALL0070677,EXACT_DUPLICATE,REJECT,Exact duplicate call event removed.
calls,CALL0015875,EXACT_DUPLICATE,REJECT,Exact duplicate call event removed.
calls,CALL0082054,EXACT_DUPLICATE,REJECT,Exact duplicate call event removed.
calls,CALL0087134,EXACT_DUPLICATE,REJECT,Exact duplicate call event removed.
calls,CALL0046976,EXACT_DUPLICATE,REJECT,Exact duplicate call event removed.
calls,CALL0012764,EXACT_DUPLICATE,REJECT,Exact duplicate call event removed.
calls,CALL0051950,EXACT_DUPLICATE,REJECT,Exact duplicate call event removed.
calls,CALL0065766,EXACT_DUPLICATE,REJECT,Exact duplicate call event removed.
calls,CALL0050654,EXACT_DUPLICATE,REJECT,Exact duplicate call event removed.
calls,CALL0056337,EXACT_DUPLICATE,REJECT,Exact duplicate call event removed.
calls,CALL0077404,EXACT_DUPLICATE,REJECT,Exact duplicate call event removed.
calls,CALL0029601,EXACT_DUPLICATE,REJECT,Exact duplicate call event removed.
calls,CALL0040920,EXACT_DUPLICATE,REJECT,Exact duplicate call event removed.
calls,CALL0034936,EXACT_DUPLICATE,REJECT,Exact duplicate call event removed.
calls,CALL0050937,EXACT_DUPLICATE,REJECT,Exact duplicate call event removed.
calls,CALL0073581,EXACT_DUPLICATE,REJECT,Exact duplicate call event removed.
calls,CALL0069364,EXACT_DUPLICATE,REJECT,Exact duplicate call event removed.
calls,CALL0066615,EXACT_DUPLICATE,REJECT,Exact duplicate call event removed.
calls,CALL0035180,EXACT_DUPLICATE,REJECT,Exact duplicate call event removed.
calls,CALL0045157,EXACT_DUPLICATE,REJECT,Exact duplicate call event removed.
calls,CALL0073113,EXACT_DUPLICATE,REJECT,Exact duplicate call event removed.
calls,CALL0037678,EXACT_DUPLICATE,REJECT,Exact duplicate call event removed.
calls,CALL0065431,EXACT_DUPLICATE,REJECT,Exact duplicate call event removed.
calls,CALL0034615,EXACT_DUPLICATE,REJECT,Exact duplicate call event removed.
calls,CALL0089045,EXACT_DUPLICATE,REJECT,Exact duplicate call event removed.
calls,CALL0029868,EXACT_DUPLICATE,REJECT,Exact duplicate call event removed.
calls,CALL0012933,EXACT_DUPLICATE,REJECT,Exact duplicate call event removed.
calls,CALL0047561,EXACT_DUPLICATE,REJECT,Exact duplicate call event removed.
calls,CALL0047430,EXACT_DUPLICATE,REJECT,Exact duplicate call event removed.
calls,CALL0083058,EXACT_DUPLICATE,REJECT,Exact duplicate call event removed.
calls,CALL0022954,EXACT_DUPLICATE,REJECT,Exact duplicate call event removed.
calls,CALL0016558,EXACT_DUPLICATE,REJECT,Exact duplicate call event removed.
calls,CALL0021949,EXACT_DUPLICATE,REJECT,Exact duplicate call event removed.
calls,CALL0024500,EXACT_DUPLICATE,REJECT,Exact duplicate call event removed.
calls,CALL0068963,EXACT_DUPLICATE,REJECT,Exact duplicate call event removed.
calls,CALL0017125,EXACT_DUPLICATE,REJECT,Exact duplicate call event removed.
calls,CALL0001507,EXACT_DUPLICATE,REJECT,Exact duplicate call event removed.
calls,CALL0074158,EXACT_DUPLICATE,REJECT,Exact duplicate call event removed.
calls,CALL0083811,EXACT_DUPLICATE,REJECT,Exact duplicate call event removed.
calls,CALL0066299,EXACT_DUPLICATE,REJECT,Exact duplicate call event removed.
calls,CALL0006149,EXACT_DUPLICATE,REJECT,Exact duplicate call event removed.
calls,CALL0002478,EXACT_DUPLICATE,REJECT,Exact duplicate call event removed.
calls,CALL0003492,EXACT_DUPLICATE,REJECT,Exact duplicate call event removed.
calls,CALL0072964,EXACT_DUPLICATE,REJECT,Exact duplicate call event removed.
calls,CALL0083388,EXACT_DUPLICATE,REJECT,Exact duplicate call event removed.
calls,CALL0009793,EXACT_DUPLICATE,REJECT,Exact duplicate call event removed.
calls,CALL0084208,EXACT_DUPLICATE,REJECT,Exact duplicate call event removed.
calls,CALL0008846,EXACT_DUPLICATE,REJECT,Exact duplicate call event removed.
calls,CALL0004619,EXACT_DUPLICATE,REJECT,Exact duplicate call event removed.
calls,CALL0086516,EXACT_DUPLICATE,REJECT,Exact duplicate call event removed.
calls,CALL0053466,EXACT_DUPLICATE,REJECT,Exact duplicate call event removed.
calls,CALL0021330,EXACT_DUPLICATE,REJECT,Exact duplicate call event removed.
calls,CALL0019712,EXACT_DUPLICATE,REJECT,Exact duplicate call event removed.
calls,CALL0076028,EXACT_DUPLICATE,REJECT,Exact duplicate call event removed.
calls,CALL0046884,EXACT_DUPLICATE,REJECT,Exact duplicate call event removed.
calls,CALL0064019,EXACT_DUPLICATE,REJECT,Exact duplicate call event removed.
calls,CALL0084836,EXACT_DUPLICATE,REJECT,Exact duplicate call event removed.
calls,CALL0061467,EXACT_DUPLICATE,REJECT,Exact duplicate call event removed.
calls,CALL0026541,EXACT_DUPLICATE,REJECT,Exact duplicate call event removed.
calls,CALL0015839,EXACT_DUPLICATE,REJECT,Exact duplicate call event removed.
calls,CALL0028291,EXACT_DUPLICATE,REJECT,Exact duplicate call event removed.
calls,CALL0011221,EXACT_DUPLICATE,REJECT,Exact duplicate call event removed.
calls,CALL0024353,EXACT_DUPLICATE,REJECT,Exact duplicate call event removed.
calls,CALL0028933,EXACT_DUPLICATE,REJECT,Exact duplicate call event removed.
calls,CALL0032808,EXACT_DUPLICATE,REJECT,Exact duplicate call event removed.
calls,CALL0075418,EXACT_DUPLICATE,REJECT,Exact duplicate call event removed.
calls,CALL0030425,EXACT_DUPLICATE,REJECT,Exact duplicate call event removed.
calls,CALL0044152,EXACT_DUPLICATE,REJECT,Exact duplicate call event removed.
calls,CALL0056290,EXACT_DUPLICATE,REJECT,Exact duplicate call event removed.
calls,CALL0060858,EXACT_DUPLICATE,REJECT,Exact duplicate call event removed.
calls,CALL0046618,EXACT_DUPLICATE,REJECT,Exact duplicate call event removed.
calls,CALL0022592,EXACT_DUPLICATE,REJECT,Exact duplicate call event removed.
calls,CALL0031600,EXACT_DUPLICATE,REJECT,Exact duplicate call event removed.
calls,CALL0080829,EXACT_DUPLICATE,REJECT,Exact duplicate call event removed.
calls,CALL0064557,EXACT_DUPLICATE,REJECT,Exact duplicate call event removed.
calls,CALL0069749,EXACT_DUPLICATE,REJECT,Exact duplicate call event removed.
calls,CALL0057362,EXACT_DUPLICATE,REJECT,Exact duplicate call event removed.
calls,CALL0015333,EXACT_DUPLICATE,REJECT,Exact duplicate call event removed.
calls,CALL0065365,EXACT_DUPLICATE,REJECT,Exact duplicate call event removed.
calls,CALL0089186,EXACT_DUPLICATE,REJECT,Exact duplicate call event removed.
calls,CALL0045952,EXACT_DUPLICATE,REJECT,Exact duplicate call event removed.
calls,CALL0035094,EXACT_DUPLICATE,REJECT,Exact duplicate call event removed.
calls,CALL0034733,EXACT_DUPLICATE,REJECT,Exact duplicate call event removed.
calls,CALL0037032,EXACT_DUPLICATE,REJECT,Exact duplicate call event removed.
calls,CALL0003107,EXACT_DUPLICATE,REJECT,Exact duplicate call event removed.
calls,CALL0079510,EXACT_DUPLICATE,REJECT,Exact duplicate call event removed.
calls,CALL0029661,EXACT_DUPLICATE,REJECT,Exact duplicate call event removed.
calls,CALL0080181,EXACT_DUPLICATE,REJECT,Exact duplicate call event removed.
calls,CALL0076635,EXACT_DUPLICATE,REJECT,Exact duplicate call event removed.
calls,CALL0050396,EXACT_DUPLICATE,REJECT,Exact duplicate call event removed.
calls,CALL0071056,EXACT_DUPLICATE,REJECT,Exact duplicate call event removed.
calls,CALL0008545,EXACT_DUPLICATE,REJECT,Exact duplicate call event removed.
calls,CALL0007990,EXACT_DUPLICATE,REJECT,Exact duplicate call event removed.
calls,CALL0039426,EXACT_DUPLICATE,REJECT,Exact duplicate call event removed.
calls,CALL0074725,EXACT_DUPLICATE,REJECT,Exact duplicate call event removed.
calls,CALL0045636,EXACT_DUPLICATE,REJECT,Exact duplicate call event removed.
calls,CALL0033588,EXACT_DUPLICATE,REJECT,Exact duplicate call event removed.
calls,CALL0017971,EXACT_DUPLICATE,REJECT,Exact duplicate call event removed.
calls,CALL0037631,EXACT_DUPLICATE,REJECT,Exact duplicate call event removed.
calls,CALL0055038,EXACT_DUPLICATE,REJECT,Exact duplicate call event removed.
calls,CALL0012687,EXACT_DUPLICATE,REJECT,Exact duplicate call event removed.
calls,CALL0055842,EXACT_DUPLICATE,REJECT,Exact duplicate call event removed.
calls,CALL0001662,EXACT_DUPLICATE,REJECT,Exact duplicate call event removed.
calls,CALL0079761,EXACT_DUPLICATE,REJECT,Exact duplicate call event removed.
calls,CALL0008574,EXACT_DUPLICATE,REJECT,Exact duplicate call event removed.
calls,CALL0037004,EXACT_DUPLICATE,REJECT,Exact duplicate call event removed.
calls,CALL0055437,EXACT_DUPLICATE,REJECT,Exact duplicate call event removed.
calls,CALL0069557,EXACT_DUPLICATE,REJECT,Exact duplicate call event removed.
calls,CALL0030558,EXACT_DUPLICATE,REJECT,Exact duplicate call event removed.
calls,CALL0061404,EXACT_DUPLICATE,REJECT,Exact duplicate call event removed.
calls,CALL0086470,EXACT_DUPLICATE,REJECT,Exact duplicate call event removed.
calls,CALL0022650,EXACT_DUPLICATE,REJECT,Exact duplicate call event removed.
calls,CALL0064764,EXACT_DUPLICATE,REJECT,Exact duplicate call event removed.
calls,CALL0023050,EXACT_DUPLICATE,REJECT,Exact duplicate call event removed.
calls,CALL0087600,EXACT_DUPLICATE,REJECT,Exact duplicate call event removed.
calls,CALL0034799,EXACT_DUPLICATE,REJECT,Exact duplicate call event removed.
calls,CALL0012204,EXACT_DUPLICATE,REJECT,Exact duplicate call event removed.
calls,CALL0047193,EXACT_DUPLICATE,REJECT,Exact duplicate call event removed.
calls,CALL0054906,EXACT_DUPLICATE,REJECT,Exact duplicate call event removed.
calls,CALL0053152,EXACT_DUPLICATE,REJECT,Exact duplicate call event removed.
calls,CALL0023273,EXACT_DUPLICATE,REJECT,Exact duplicate call event removed.
calls,CALL0020987,EXACT_DUPLICATE,REJECT,Exact duplicate call event removed.
calls,CALL0044472,EXACT_DUPLICATE,REJECT,Exact duplicate call event removed.
calls,CALL0077161,EXACT_DUPLICATE,REJECT,Exact duplicate call event removed.
calls,CALL0062863,EXACT_DUPLICATE,REJECT,Exact duplicate call event removed.
calls,CALL0083333,EXACT_DUPLICATE,REJECT,Exact duplicate call event removed.
calls,CALL0087626,EXACT_DUPLICATE,REJECT,Exact duplicate call event removed.
calls,CALL0011064,EXACT_DUPLICATE,REJECT,Exact duplicate call event removed.
calls,CALL0006543,EXACT_DUPLICATE,REJECT,Exact duplicate call event removed.
calls,CALL0065900,EXACT_DUPLICATE,REJECT,Exact duplicate call event removed.
calls,CALL0045084,EXACT_DUPLICATE,REJECT,Exact duplicate call event removed.
calls,CALL0071271,EXACT_DUPLICATE,REJECT,Exact duplicate call event removed.
calls,CALL0036059,EXACT_DUPLICATE,REJECT,Exact duplicate call event removed.
calls,CALL0065084,EXACT_DUPLICATE,REJECT,Exact duplicate call event removed.
calls,CALL0069887,EXACT_DUPLICATE,REJECT,Exact duplicate call event removed.
calls,CALL0071952,EXACT_DUPLICATE,REJECT,Exact duplicate call event removed.
calls,CALL0033880,EXACT_DUPLICATE,REJECT,Exact duplicate call event removed.
calls,CALL0079328,EXACT_DUPLICATE,REJECT,Exact duplicate call event removed.
calls,CALL0045925,EXACT_DUPLICATE,REJECT,Exact duplicate call event removed.
calls,CALL0042046,EXACT_DUPLICATE,REJECT,Exact duplicate call event removed.
calls,CALL0010107,EXACT_DUPLICATE,REJECT,Exact duplicate call event removed.
calls,CALL0011715,EXACT_DUPLICATE,REJECT,Exact duplicate call event removed.
calls,CALL0001518,EXACT_DUPLICATE,REJECT,Exact duplicate call event removed.
calls,CALL0008679,EXACT_DUPLICATE,REJECT,Exact duplicate call event removed.
calls,CALL0043723,EXACT_DUPLICATE,REJECT,Exact duplicate call event removed.
calls,CALL0020410,EXACT_DUPLICATE,REJECT,Exact duplicate call event removed.
calls,CALL0089239,EXACT_DUPLICATE,REJECT,Exact duplicate call event removed.
calls,CALL0011061,EXACT_DUPLICATE,REJECT,Exact duplicate call event removed.
calls,CALL0057606,EXACT_DUPLICATE,REJECT,Exact duplicate call event removed.
calls,CALL0004745,EXACT_DUPLICATE,REJECT,Exact duplicate call event removed.
calls,CALL0056018,EXACT_DUPLICATE,REJECT,Exact duplicate call event removed.
calls,CALL0075160,EXACT_DUPLICATE,REJECT,Exact duplicate call event removed.
calls,CALL0041948,EXACT_DUPLICATE,REJECT,Exact duplicate call event removed.
calls,CALL0001671,EXACT_DUPLICATE,REJECT,Exact duplicate call event removed.
calls,CALL0073480,EXACT_DUPLICATE,REJECT,Exact duplicate call event removed.
calls,CALL0014564,EXACT_DUPLICATE,REJECT,Exact duplicate call event removed.
calls,CALL0008264,EXACT_DUPLICATE,REJECT,Exact duplicate call event removed.
calls,CALL0028460,EXACT_DUPLICATE,REJECT,Exact duplicate call event removed.
calls,CALL0030584,EXACT_DUPLICATE,REJECT,Exact duplicate call event removed.
calls,CALL0021998,EXACT_DUPLICATE,REJECT,Exact duplicate call event removed.
calls,CALL0039631,EXACT_DUPLICATE,REJECT,Exact duplicate call event removed.
calls,CALL0031430,EXACT_DUPLICATE,REJECT,Exact duplicate call event removed.
calls,CALL0033050,EXACT_DUPLICATE,REJECT,Exact duplicate call event removed.
calls,CALL0060895,EXACT_DUPLICATE,REJECT,Exact duplicate call event removed.
calls,CALL0042401,EXACT_DUPLICATE,REJECT,Exact duplicate call event removed.
calls,CALL0048254,EXACT_DUPLICATE,REJECT,Exact duplicate call event removed.
calls,CALL0054547,EXACT_DUPLICATE,REJECT,Exact duplicate call event removed.
calls,CALL0000050,EXACT_DUPLICATE,REJECT,Exact duplicate call event removed.
calls,CALL0021841,EXACT_DUPLICATE,REJECT,Exact duplicate call event removed.
calls,CALL0047971,EXACT_DUPLICATE,REJECT,Exact duplicate call event removed.
calls,CALL0029940,EXACT_DUPLICATE,REJECT,Exact duplicate call event removed.
calls,CALL0063804,EXACT_DUPLICATE,REJECT,Exact duplicate call event removed.
calls,CALL0035245,EXACT_DUPLICATE,REJECT,Exact duplicate call event removed.
calls,CALL0026439,EXACT_DUPLICATE,REJECT,Exact duplicate call event removed.
calls,CALL0073442,EXACT_DUPLICATE,REJECT,Exact duplicate call event removed.
calls,CALL0038842,EXACT_DUPLICATE,REJECT,Exact duplicate call event removed.
calls,CALL0013192,EXACT_DUPLICATE,REJECT,Exact duplicate call event removed.
calls,CALL0027239,EXACT_DUPLICATE,REJECT,Exact duplicate call event removed.
calls,CALL0011319,EXACT_DUPLICATE,REJECT,Exact duplicate call event removed.
calls,CALL0075943,EXACT_DUPLICATE,REJECT,Exact duplicate call event removed.
calls,CALL0042140,EXACT_DUPLICATE,REJECT,Exact duplicate call event removed.
calls,CALL0037167,EXACT_DUPLICATE,REJECT,Exact duplicate call event removed.
calls,CALL0061046,EXACT_DUPLICATE,REJECT,Exact duplicate call event removed.
calls,CALL0033723,EXACT_DUPLICATE,REJECT,Exact duplicate call event removed.
calls,CALL0070718,EXACT_DUPLICATE,REJECT,Exact duplicate call event removed.
calls,CALL0080135,EXACT_DUPLICATE,REJECT,Exact duplicate call event removed.
calls,CALL0071011,EXACT_DUPLICATE,REJECT,Exact duplicate call event removed.
calls,CALL0056822,EXACT_DUPLICATE,REJECT,Exact duplicate call event removed.
calls,CALL0030601,EXACT_DUPLICATE,REJECT,Exact duplicate call event removed.
calls,CALL0016389,EXACT_DUPLICATE,REJECT,Exact duplicate call event removed.
calls,CALL0079654,EXACT_DUPLICATE,REJECT,Exact duplicate call event removed.
calls,CALL0005371,EXACT_DUPLICATE,REJECT,Exact duplicate call event removed.
calls,CALL0055779,EXACT_DUPLICATE,REJECT,Exact duplicate call event removed.
calls,CALL0003226,EXACT_DUPLICATE,REJECT,Exact duplicate call event removed.
calls,CALL0077661,EXACT_DUPLICATE,REJECT,Exact duplicate call event removed.
calls,CALL0013124,EXACT_DUPLICATE,REJECT,Exact duplicate call event removed.
calls,CALL0076860,EXACT_DUPLICATE,REJECT,Exact duplicate call event removed.
calls,CALL0060313,EXACT_DUPLICATE,REJECT,Exact duplicate call event removed.
calls,CALL0068405,EXACT_DUPLICATE,REJECT,Exact duplicate call event removed.
calls,CALL0040973,EXACT_DUPLICATE,REJECT,Exact duplicate call event removed.
calls,CALL0000845,EXACT_DUPLICATE,REJECT,Exact duplicate call event removed.
calls,CALL0040463,EXACT_DUPLICATE,REJECT,Exact duplicate call event removed.
calls,CALL0050317,EXACT_DUPLICATE,REJECT,Exact duplicate call event removed.
calls,CALL0002481,EXACT_DUPLICATE,REJECT,Exact duplicate call event removed.
calls,CALL0006068,EXACT_DUPLICATE,REJECT,Exact duplicate call event removed.
calls,CALL0040381,EXACT_DUPLICATE,REJECT,Exact duplicate call event removed.
calls,CALL0026204,EXACT_DUPLICATE,REJECT,Exact duplicate call event removed.
calls,CALL0081049,EXACT_DUPLICATE,REJECT,Exact duplicate call event removed.
calls,CALL0072098,EXACT_DUPLICATE,REJECT,Exact duplicate call event removed.
calls,CALL0062075,EXACT_DUPLICATE,REJECT,Exact duplicate call event removed.
calls,CALL0043251,EXACT_DUPLICATE,REJECT,Exact duplicate call event removed.
calls,CALL0024571,EXACT_DUPLICATE,REJECT,Exact duplicate call event removed.
calls,CALL0069181,EXACT_DUPLICATE,REJECT,Exact duplicate call event removed.
calls,CALL0010728,EXACT_DUPLICATE,REJECT,Exact duplicate call event removed.
calls,CALL0003690,EXACT_DUPLICATE,REJECT,Exact duplicate call event removed.
calls,CALL0052739,EXACT_DUPLICATE,REJECT,Exact duplicate call event removed.
calls,CALL0067054,EXACT_DUPLICATE,REJECT,Exact duplicate call event removed.
calls,CALL0016627,EXACT_DUPLICATE,REJECT,Exact duplicate call event removed.
calls,CALL0052104,EXACT_DUPLICATE,REJECT,Exact duplicate call event removed.
calls,CALL0086817,EXACT_DUPLICATE,REJECT,Exact duplicate call event removed.
calls,CALL0008714,EXACT_DUPLICATE,REJECT,Exact duplicate call event removed.
calls,CALL0058120,EXACT_DUPLICATE,REJECT,Exact duplicate call event removed.
calls,CALL0058585,EXACT_DUPLICATE,REJECT,Exact duplicate call event removed.
calls,CALL0075130,EXACT_DUPLICATE,REJECT,Exact duplicate call event removed.
calls,CALL0014371,EXACT_DUPLICATE,REJECT,Exact duplicate call event removed.
calls,CALL0037521,EXACT_DUPLICATE,REJECT,Exact duplicate call event removed.
calls,CALL0030864,EXACT_DUPLICATE,REJECT,Exact duplicate call event removed.
calls,CALL0016883,EXACT_DUPLICATE,REJECT,Exact duplicate call event removed.
calls,CALL0023518,EXACT_DUPLICATE,REJECT,Exact duplicate call event removed.
calls,CALL0027286,EXACT_DUPLICATE,REJECT,Exact duplicate call event removed.
calls,CALL0043594,EXACT_DUPLICATE,REJECT,Exact duplicate call event removed.
calls,CALL0024568,EXACT_DUPLICATE,REJECT,Exact duplicate call event removed.
calls,CALL0068965,EXACT_DUPLICATE,REJECT,Exact duplicate call event removed.
calls,CALL0072922,EXACT_DUPLICATE,REJECT,Exact duplicate call event removed.
calls,CALL0032186,EXACT_DUPLICATE,REJECT,Exact duplicate call event removed.
calls,CALL0039572,EXACT_DUPLICATE,REJECT,Exact duplicate call event removed.
calls,CALL0068478,EXACT_DUPLICATE,REJECT,Exact duplicate call event removed.
calls,CALL0049430,EXACT_DUPLICATE,REJECT,Exact duplicate call event removed.
calls,CALL0003896,EXACT_DUPLICATE,REJECT,Exact duplicate call event removed.
calls,CALL0067020,EXACT_DUPLICATE,REJECT,Exact duplicate call event removed.
calls,CALL0054690,EXACT_DUPLICATE,REJECT,Exact duplicate call event removed.
calls,CALL0058710,EXACT_DUPLICATE,REJECT,Exact duplicate call event removed.
calls,CALL0071601,EXACT_DUPLICATE,REJECT,Exact duplicate call event removed.
calls,CALL0062710,EXACT_DUPLICATE,REJECT,Exact duplicate call event removed.
calls,CALL0063131,EXACT_DUPLICATE,REJECT,Exact duplicate call event removed.
calls,CALL0013080,EXACT_DUPLICATE,REJECT,Exact duplicate call event removed.
calls,CALL0036655,EXACT_DUPLICATE,REJECT,Exact duplicate call event removed.
calls,CALL0085361,EXACT_DUPLICATE,REJECT,Exact duplicate call event removed.
calls,CALL0083268,EXACT_DUPLICATE,REJECT,Exact duplicate call event removed.
calls,CALL0027417,EXACT_DUPLICATE,REJECT,Exact duplicate call event removed.
calls,CALL0015718,EXACT_DUPLICATE,REJECT,Exact duplicate call event removed.
calls,CALL0074036,EXACT_DUPLICATE,REJECT,Exact duplicate call event removed.
calls,CALL0054413,EXACT_DUPLICATE,REJECT,Exact duplicate call event removed.
calls,CALL0060483,EXACT_DUPLICATE,REJECT,Exact duplicate call event removed.
calls,CALL0049289,EXACT_DUPLICATE,REJECT,Exact duplicate call event removed.
calls,CALL0015071,EXACT_DUPLICATE,REJECT,Exact duplicate call event removed.
calls,CALL0014264,EXACT_DUPLICATE,REJECT,Exact duplicate call event removed.
calls,CALL0031379,EXACT_DUPLICATE,REJECT,Exact duplicate call event removed.
calls,CALL0029474,EXACT_DUPLICATE,REJECT,Exact duplicate call event removed.
calls,CALL0013693,EXACT_DUPLICATE,REJECT,Exact duplicate call event removed.
calls,CALL0026689,EXACT_DUPLICATE,REJECT,Exact duplicate call event removed.
calls,CALL0035972,EXACT_DUPLICATE,REJECT,Exact duplicate call event removed.
calls,CALL0058479,EXACT_DUPLICATE,REJECT,Exact duplicate call event removed.
calls,CALL0020804,EXACT_DUPLICATE,REJECT,Exact duplicate call event removed.
calls,CALL0015883,EXACT_DUPLICATE,REJECT,Exact duplicate call event removed.
calls,CALL0055871,EXACT_DUPLICATE,REJECT,Exact duplicate call event removed.
calls,CALL0013210,EXACT_DUPLICATE,REJECT,Exact duplicate call event removed.
calls,CALL0060949,EXACT_DUPLICATE,REJECT,Exact duplicate call event removed.
calls,CALL0063898,EXACT_DUPLICATE,REJECT,Exact duplicate call event removed.
calls,CALL0047912,EXACT_DUPLICATE,REJECT,Exact duplicate call event removed.
calls,CALL0003384,EXACT_DUPLICATE,REJECT,Exact duplicate call event removed.
calls,CALL0016120,EXACT_DUPLICATE,REJECT,Exact duplicate call event removed.
calls,CALL0078964,EXACT_DUPLICATE,REJECT,Exact duplicate call event removed.
calls,CALL0060775,EXACT_DUPLICATE,REJECT,Exact duplicate call event removed.
calls,CALL0069165,EXACT_DUPLICATE,REJECT,Exact duplicate call event removed.
calls,CALL0068264,EXACT_DUPLICATE,REJECT,Exact duplicate call event removed.
calls,CALL0069750,EXACT_DUPLICATE,REJECT,Exact duplicate call event removed.
calls,CALL0088686,EXACT_DUPLICATE,REJECT,Exact duplicate call event removed.
calls,CALL0003091,EXACT_DUPLICATE,REJECT,Exact duplicate call event removed.
calls,CALL0050785,EXACT_DUPLICATE,REJECT,Exact duplicate call event removed.
calls,CALL0005355,EXACT_DUPLICATE,REJECT,Exact duplicate call event removed.
calls,CALL0007157,EXACT_DUPLICATE,REJECT,Exact duplicate call event removed.
calls,CALL0022147,EXACT_DUPLICATE,REJECT,Exact duplicate call event removed.
calls,CALL0017039,EXACT_DUPLICATE,REJECT,Exact duplicate call event removed.
calls,CALL0084479,EXACT_DUPLICATE,REJECT,Exact duplicate call event removed.
calls,CALL0063537,EXACT_DUPLICATE,REJECT,Exact duplicate call event removed.
calls,CALL0081402,EXACT_DUPLICATE,REJECT,Exact duplicate call event removed.
calls,CALL0055933,EXACT_DUPLICATE,REJECT,Exact duplicate call event removed.
calls,CALL0015132,EXACT_DUPLICATE,REJECT,Exact duplicate call event removed.
calls,CALL0083147,EXACT_DUPLICATE,REJECT,Exact duplicate call event removed.
calls,CALL0006660,EXACT_DUPLICATE,REJECT,Exact duplicate call event removed.
calls,CALL0039858,EXACT_DUPLICATE,REJECT,Exact duplicate call event removed.
calls,CALL0058668,EXACT_DUPLICATE,REJECT,Exact duplicate call event removed.
calls,CALL0043379,EXACT_DUPLICATE,REJECT,Exact duplicate call event removed.
calls,CALL0030773,EXACT_DUPLICATE,REJECT,Exact duplicate call event removed.
calls,CALL0000201,EXACT_DUPLICATE,REJECT,Exact duplicate call event removed.
calls,CALL0040132,EXACT_DUPLICATE,REJECT,Exact duplicate call event removed.
calls,CALL0043067,EXACT_DUPLICATE,REJECT,Exact duplicate call event removed.
calls,CALL0021936,EXACT_DUPLICATE,REJECT,Exact duplicate call event removed.
calls,CALL0072023,EXACT_DUPLICATE,REJECT,Exact duplicate call event removed.
calls,CALL0005030,EXACT_DUPLICATE,REJECT,Exact duplicate call event removed.
calls,CALL0009638,EXACT_DUPLICATE,REJECT,Exact duplicate call event removed.
calls,CALL0069882,EXACT_DUPLICATE,REJECT,Exact duplicate call event removed.
calls,CALL0055392,EXACT_DUPLICATE,REJECT,Exact duplicate call event removed.
calls,CALL0046974,EXACT_DUPLICATE,REJECT,Exact duplicate call event removed.
calls,CALL0062497,EXACT_DUPLICATE,REJECT,Exact duplicate call event removed.
calls,CALL0036694,EXACT_DUPLICATE,REJECT,Exact duplicate call event removed.
calls,CALL0035558,EXACT_DUPLICATE,REJECT,Exact duplicate call event removed.
calls,CALL0015021,EXACT_DUPLICATE,REJECT,Exact duplicate call event removed.
calls,CALL0062055,EXACT_DUPLICATE,REJECT,Exact duplicate call event removed.
calls,CALL0070496,EXACT_DUPLICATE,REJECT,Exact duplicate call event removed.
calls,CALL0045608,EXACT_DUPLICATE,REJECT,Exact duplicate call event removed.
calls,CALL0039353,EXACT_DUPLICATE,REJECT,Exact duplicate call event removed.
calls,CALL0041357,EXACT_DUPLICATE,REJECT,Exact duplicate call event removed.
calls,CALL0057287,EXACT_DUPLICATE,REJECT,Exact duplicate call event removed.
calls,CALL0022876,EXACT_DUPLICATE,REJECT,Exact duplicate call event removed.
calls,CALL0086474,EXACT_DUPLICATE,REJECT,Exact duplicate call event removed.
calls,CALL0077836,EXACT_DUPLICATE,REJECT,Exact duplicate call event removed.
calls,CALL0053939,EXACT_DUPLICATE,REJECT,Exact duplicate call event removed.
calls,CALL0038158,EXACT_DUPLICATE,REJECT,Exact duplicate call event removed.
calls,CALL0029131,EXACT_DUPLICATE,REJECT,Exact duplicate call event removed.
calls,CALL0046706,EXACT_DUPLICATE,REJECT,Exact duplicate call event removed.
calls,CALL0068557,EXACT_DUPLICATE,REJECT,Exact duplicate call event removed.
calls,CALL0048225,EXACT_DUPLICATE,REJECT,Exact duplicate call event removed.
calls,CALL0088505,EXACT_DUPLICATE,REJECT,Exact duplicate call event removed.
calls,CALL0081576,EXACT_DUPLICATE,REJECT,Exact duplicate call event removed.
calls,CALL0023944,EXACT_DUPLICATE,REJECT,Exact duplicate call event removed.
calls,CALL0080411,EXACT_DUPLICATE,REJECT,Exact duplicate call event removed.
calls,CALL0031482,EXACT_DUPLICATE,REJECT,Exact duplicate call event removed.
calls,CALL0018715,EXACT_DUPLICATE,REJECT,Exact duplicate call event removed.
calls,CALL0002896,EXACT_DUPLICATE,REJECT,Exact duplicate call event removed.
calls,CALL0086555,EXACT_DUPLICATE,REJECT,Exact duplicate call event removed.
calls,CALL0077110,EXACT_DUPLICATE,REJECT,Exact duplicate call event removed.
calls,CALL0071612,EXACT_DUPLICATE,REJECT,Exact duplicate call event removed.
calls,CALL0062477,EXACT_DUPLICATE,REJECT,Exact duplicate call event removed.
calls,CALL0063472,EXACT_DUPLICATE,REJECT,Exact duplicate call event removed.
calls,CALL0001424,EXACT_DUPLICATE,REJECT,Exact duplicate call event removed.
calls,CALL0043612,EXACT_DUPLICATE,REJECT,Exact duplicate call event removed.
calls,CALL0057155,EXACT_DUPLICATE,REJECT,Exact duplicate call event removed.
calls,CALL0072451,EXACT_DUPLICATE,REJECT,Exact duplicate call event removed.
calls,CALL0081150,EXACT_DUPLICATE,REJECT,Exact duplicate call event removed.
calls,CALL0021962,EXACT_DUPLICATE,REJECT,Exact duplicate call event removed.
calls,CALL0047949,EXACT_DUPLICATE,REJECT,Exact duplicate call event removed.
calls,CALL0062547,EXACT_DUPLICATE,REJECT,Exact duplicate call event removed.
calls,CALL0048414,EXACT_DUPLICATE,REJECT,Exact duplicate call event removed.
calls,CALL0068368,EXACT_DUPLICATE,REJECT,Exact duplicate call event removed.
calls,CALL0084515,EXACT_DUPLICATE,REJECT,Exact duplicate call event removed.
calls,CALL0036632,EXACT_DUPLICATE,REJECT,Exact duplicate call event removed.
calls,CALL0044664,EXACT_DUPLICATE,REJECT,Exact duplicate call event removed.
calls,CALL0075993,EXACT_DUPLICATE,REJECT,Exact duplicate call event removed.
calls,CALL0034059,EXACT_DUPLICATE,REJECT,Exact duplicate call event removed.
calls,CALL0027067,EXACT_DUPLICATE,REJECT,Exact duplicate call event removed.
calls,CALL0006489,EXACT_DUPLICATE,REJECT,Exact duplicate call event removed.
calls,CALL0057138,EXACT_DUPLICATE,REJECT,Exact duplicate call event removed.
calls,CALL0010203,EXACT_DUPLICATE,REJECT,Exact duplicate call event removed.
calls,CALL0045509,EXACT_DUPLICATE,REJECT,Exact duplicate call event removed.
calls,CALL0042582,EXACT_DUPLICATE,REJECT,Exact duplicate call event removed.
calls,CALL0009471,EXACT_DUPLICATE,REJECT,Exact duplicate call event removed.
calls,CALL0008896,EXACT_DUPLICATE,REJECT,Exact duplicate call event removed.
calls,CALL0029270,EXACT_DUPLICATE,REJECT,Exact duplicate call event removed.
calls,CALL0050108,EXACT_DUPLICATE,REJECT,Exact duplicate call event removed.
calls,CALL0038333,EXACT_DUPLICATE,REJECT,Exact duplicate call event removed.
calls,CALL0063245,EXACT_DUPLICATE,REJECT,Exact duplicate call event removed.
calls,CALL0070841,EXACT_DUPLICATE,REJECT,Exact duplicate call event removed.
calls,CALL0083319,EXACT_DUPLICATE,REJECT,Exact duplicate call event removed.
calls,CALL0000935,EXACT_DUPLICATE,REJECT,Exact duplicate call event removed.
calls,CALL0015256,EXACT_DUPLICATE,REJECT,Exact duplicate call event removed.
calls,CALL0063399,EXACT_DUPLICATE,REJECT,Exact duplicate call event removed.
calls,CALL0034906,EXACT_DUPLICATE,REJECT,Exact duplicate call event removed.
calls,CALL0042923,EXACT_DUPLICATE,REJECT,Exact duplicate call event removed.
calls,CALL0065119,EXACT_DUPLICATE,REJECT,Exact duplicate call event removed.
calls,CALL0055678,EXACT_DUPLICATE,REJECT,Exact duplicate call event removed.
calls,CALL0082367,EXACT_DUPLICATE,REJECT,Exact duplicate call event removed.
calls,CALL0084993,EXACT_DUPLICATE,REJECT,Exact duplicate call event removed.
calls,CALL0014035,EXACT_DUPLICATE,REJECT,Exact duplicate call event removed.
calls,CALL0055660,EXACT_DUPLICATE,REJECT,Exact duplicate call event removed.
calls,CALL0073836,EXACT_DUPLICATE,REJECT,Exact duplicate call event removed.
calls,CALL0079022,EXACT_DUPLICATE,REJECT,Exact duplicate call event removed.
calls,CALL0004328,EXACT_DUPLICATE,REJECT,Exact duplicate call event removed.
calls,CALL0026049,EXACT_DUPLICATE,REJECT,Exact duplicate call event removed.
calls,CALL0064807,EXACT_DUPLICATE,REJECT,Exact duplicate call event removed.
calls,CALL0065366,EXACT_DUPLICATE,REJECT,Exact duplicate call event removed.
calls,CALL0009577,EXACT_DUPLICATE,REJECT,Exact duplicate call event removed.
calls,CALL0057719,EXACT_DUPLICATE,REJECT,Exact duplicate call event removed.
calls,CALL0026645,EXACT_DUPLICATE,REJECT,Exact duplicate call event removed.
calls,CALL0079209,EXACT_DUPLICATE,REJECT,Exact duplicate call event removed.
calls,CALL0086482,EXACT_DUPLICATE,REJECT,Exact duplicate call event removed.
calls,CALL0075147,EXACT_DUPLICATE,REJECT,Exact duplicate call event removed.
calls,CALL0071124,EXACT_DUPLICATE,REJECT,Exact duplicate call event removed.
calls,CALL0050534,EXACT_DUPLICATE,REJECT,Exact duplicate call event removed.
calls,CALL0038254,EXACT_DUPLICATE,REJECT,Exact duplicate call event removed.
calls,CALL0008880,EXACT_DUPLICATE,REJECT,Exact duplicate call event removed.
calls,CALL0083788,EXACT_DUPLICATE,REJECT,Exact duplicate call event removed.
calls,CALL0004928,EXACT_DUPLICATE,REJECT,Exact duplicate call event removed.
calls,CALL0004571,EXACT_DUPLICATE,REJECT,Exact duplicate call event removed.
calls,CALL0052293,EXACT_DUPLICATE,REJECT,Exact duplicate call event removed.
calls,CALL0037511,EXACT_DUPLICATE,REJECT,Exact duplicate call event removed.
calls,CALL0085385,EXACT_DUPLICATE,REJECT,Exact duplicate call event removed.
calls,CALL0050424,EXACT_DUPLICATE,REJECT,Exact duplicate call event removed.
calls,CALL0060890,EXACT_DUPLICATE,REJECT,Exact duplicate call event removed.
calls,CALL0045824,EXACT_DUPLICATE,REJECT,Exact duplicate call event removed.
calls,CALL0009223,EXACT_DUPLICATE,REJECT,Exact duplicate call event removed.
calls,CALL0052058,EXACT_DUPLICATE,REJECT,Exact duplicate call event removed.
calls,CALL0071019,EXACT_DUPLICATE,REJECT,Exact duplicate call event removed.
calls,CALL0055161,EXACT_DUPLICATE,REJECT,Exact duplicate call event removed.
calls,CALL0007275,EXACT_DUPLICATE,REJECT,Exact duplicate call event removed.
calls,CALL0062077,EXACT_DUPLICATE,REJECT,Exact duplicate call event removed.
calls,CALL0063792,EXACT_DUPLICATE,REJECT,Exact duplicate call event removed.
calls,CALL0016515,EXACT_DUPLICATE,REJECT,Exact duplicate call event removed.
calls,CALL0065991,EXACT_DUPLICATE,REJECT,Exact duplicate call event removed.
calls,CALL0065727,EXACT_DUPLICATE,REJECT,Exact duplicate call event removed.
calls,CALL0041732,EXACT_DUPLICATE,REJECT,Exact duplicate call event removed.
calls,CALL0005545,EXACT_DUPLICATE,REJECT,Exact duplicate call event removed.
calls,CALL0046988,EXACT_DUPLICATE,REJECT,Exact duplicate call event removed.
calls,CALL0017146,EXACT_DUPLICATE,REJECT,Exact duplicate call event removed.
calls,CALL0076641,EXACT_DUPLICATE,REJECT,Exact duplicate call event removed.
calls,CALL0020852,EXACT_DUPLICATE,REJECT,Exact duplicate call event removed.
calls,CALL0023750,EXACT_DUPLICATE,REJECT,Exact duplicate call event removed.
calls,CALL0057398,EXACT_DUPLICATE,REJECT,Exact duplicate call event removed.
calls,CALL0015406,EXACT_DUPLICATE,REJECT,Exact duplicate call event removed.
calls,CALL0084250,EXACT_DUPLICATE,REJECT,Exact duplicate call event removed.
calls,CALL0059828,EXACT_DUPLICATE,REJECT,Exact duplicate call event removed.
calls,CALL0075023,EXACT_DUPLICATE,REJECT,Exact duplicate call event removed.
calls,CALL0015382,EXACT_DUPLICATE,REJECT,Exact duplicate call event removed.
calls,CALL0073974,EXACT_DUPLICATE,REJECT,Exact duplicate call event removed.
calls,CALL0082874,EXACT_DUPLICATE,REJECT,Exact duplicate call event removed.
calls,CALL0020508,EXACT_DUPLICATE,REJECT,Exact duplicate call event removed.
calls,CALL0073540,EXACT_DUPLICATE,REJECT,Exact duplicate call event removed.
calls,CALL0084494,EXACT_DUPLICATE,REJECT,Exact duplicate call event removed.
calls,CALL0053003,EXACT_DUPLICATE,REJECT,Exact duplicate call event removed.
calls,CALL0079477,EXACT_DUPLICATE,REJECT,Exact duplicate call event removed.
calls,CALL0035648,EXACT_DUPLICATE,REJECT,Exact duplicate call event removed.
calls,CALL0023490,EXACT_DUPLICATE,REJECT,Exact duplicate call event removed.
calls,CALL0082253,EXACT_DUPLICATE,REJECT,Exact duplicate call event removed.
calls,CALL0070682,EXACT_DUPLICATE,REJECT,Exact duplicate call event removed.
calls,CALL0074548,EXACT_DUPLICATE,REJECT,Exact duplicate call event removed.
calls,CALL0068030,EXACT_DUPLICATE,REJECT,Exact duplicate call event removed.
calls,CALL0024173,EXACT_DUPLICATE,REJECT,Exact duplicate call event removed.
calls,CALL0080341,EXACT_DUPLICATE,REJECT,Exact duplicate call event removed.
calls,CALL0033577,EXACT_DUPLICATE,REJECT,Exact duplicate call event removed.
calls,CALL0010747,EXACT_DUPLICATE,REJECT,Exact duplicate call event removed.
calls,CALL0034977,EXACT_DUPLICATE,REJECT,Exact duplicate call event removed.
calls,CALL0033821,EXACT_DUPLICATE,REJECT,Exact duplicate call event removed.
calls,CALL0036772,EXACT_DUPLICATE,REJECT,Exact duplicate call event removed.
calls,CALL0039227,EXACT_DUPLICATE,REJECT,Exact duplicate call event removed.
calls,CALL0009998,EXACT_DUPLICATE,REJECT,Exact duplicate call event removed.
calls,CALL0060096,EXACT_DUPLICATE,REJECT,Exact duplicate call event removed.
calls,CALL0025216,EXACT_DUPLICATE,REJECT,Exact duplicate call event removed.
calls,CALL0048930,EXACT_DUPLICATE,REJECT,Exact duplicate call event removed.
calls,CALL0039099,EXACT_DUPLICATE,REJECT,Exact duplicate call event removed.
calls,CALL0083809,EXACT_DUPLICATE,REJECT,Exact duplicate call event removed.
calls,CALL0029562,EXACT_DUPLICATE,REJECT,Exact duplicate call event removed.
calls,CALL0039451,EXACT_DUPLICATE,REJECT,Exact duplicate call event removed.
calls,CALL0062090,EXACT_DUPLICATE,REJECT,Exact duplicate call event removed.
calls,CALL0020150,EXACT_DUPLICATE,REJECT,Exact duplicate call event removed.
calls,CALL0084952,EXACT_DUPLICATE,REJECT,Exact duplicate call event removed.
calls,CALL0082578,EXACT_DUPLICATE,REJECT,Exact duplicate call event removed.
calls,CALL0061264,EXACT_DUPLICATE,REJECT,Exact duplicate call event removed.
calls,CALL0017054,EXACT_DUPLICATE,REJECT,Exact duplicate call event removed.
calls,CALL0027582,EXACT_DUPLICATE,REJECT,Exact duplicate call event removed.
calls,CALL0086768,EXACT_DUPLICATE,REJECT,Exact duplicate call event removed.
calls,CALL0085501,EXACT_DUPLICATE,REJECT,Exact duplicate call event removed.
calls,CALL0029218,EXACT_DUPLICATE,REJECT,Exact duplicate call event removed.
calls,CALL0085461,EXACT_DUPLICATE,REJECT,Exact duplicate call event removed.
calls,CALL0017360,EXACT_DUPLICATE,REJECT,Exact duplicate call event removed.
calls,CALL0032459,EXACT_DUPLICATE,REJECT,Exact duplicate call event removed.
calls,CALL0081855,EXACT_DUPLICATE,REJECT,Exact duplicate call event removed.
calls,CALL0014153,EXACT_DUPLICATE,REJECT,Exact duplicate call event removed.
calls,CALL0020386,EXACT_DUPLICATE,REJECT,Exact duplicate call event removed.
calls,CALL0048672,EXACT_DUPLICATE,REJECT,Exact duplicate call event removed.
calls,CALL0070672,EXACT_DUPLICATE,REJECT,Exact duplicate call event removed.
calls,CALL0034958,EXACT_DUPLICATE,REJECT,Exact duplicate call event removed.
calls,CALL0061983,EXACT_DUPLICATE,REJECT,Exact duplicate call event removed.
calls,CALL0046682,EXACT_DUPLICATE,REJECT,Exact duplicate call event removed.
calls,CALL0029501,EXACT_DUPLICATE,REJECT,Exact duplicate call event removed.
calls,CALL0033971,EXACT_DUPLICATE,REJECT,Exact duplicate call event removed.
calls,CALL0038554,EXACT_DUPLICATE,REJECT,Exact duplicate call event removed.
calls,CALL0086795,EXACT_DUPLICATE,REJECT,Exact duplicate call event removed.
calls,CALL0003707,EXACT_DUPLICATE,REJECT,Exact duplicate call event removed.
calls,CALL0000803,EXACT_DUPLICATE,REJECT,Exact duplicate call event removed.
calls,CALL0000285,EXACT_DUPLICATE,REJECT,Exact duplicate call event removed.
calls,CALL0049346,EXACT_DUPLICATE,REJECT,Exact duplicate call event removed.
calls,CALL0013260,EXACT_DUPLICATE,REJECT,Exact duplicate call event removed.
calls,CALL0020812,EXACT_DUPLICATE,REJECT,Exact duplicate call event removed.
calls,CALL0012088,EXACT_DUPLICATE,REJECT,Exact duplicate call event removed.
calls,CALL0041919,EXACT_DUPLICATE,REJECT,Exact duplicate call event removed.
calls,CALL0026829,EXACT_DUPLICATE,REJECT,Exact duplicate call event removed.
calls,CALL0037704,EXACT_DUPLICATE,REJECT,Exact duplicate call event removed.
calls,CALL0054331,EXACT_DUPLICATE,REJECT,Exact duplicate call event removed.
calls,CALL0083476,EXACT_DUPLICATE,REJECT,Exact duplicate call event removed.
calls,CALL0068517,EXACT_DUPLICATE,REJECT,Exact duplicate call event removed.
calls,CALL0016685,EXACT_DUPLICATE,REJECT,Exact duplicate call event removed.
calls,CALL0045770,EXACT_DUPLICATE,REJECT,Exact duplicate call event removed.
calls,CALL0007739,EXACT_DUPLICATE,REJECT,Exact duplicate call event removed.
calls,CALL0029171,EXACT_DUPLICATE,REJECT,Exact duplicate call event removed.
calls,CALL0028707,EXACT_DUPLICATE,REJECT,Exact duplicate call event removed.
calls,CALL0010111,EXACT_DUPLICATE,REJECT,Exact duplicate call event removed.
calls,CALL0032097,EXACT_DUPLICATE,REJECT,Exact duplicate call event removed.
calls,CALL0043350,EXACT_DUPLICATE,REJECT,Exact duplicate call event removed.
calls,CALL0070211,EXACT_DUPLICATE,REJECT,Exact duplicate call event removed.
calls,CALL0036868,EXACT_DUPLICATE,REJECT,Exact duplicate call event removed.
calls,CALL0021099,EXACT_DUPLICATE,REJECT,Exact duplicate call event removed.
calls,CALL0055097,EXACT_DUPLICATE,REJECT,Exact duplicate call event removed.
calls,CALL0011561,EXACT_DUPLICATE,REJECT,Exact duplicate call event removed.
calls,CALL0087502,EXACT_DUPLICATE,REJECT,Exact duplicate call event removed.
calls,CALL0017433,EXACT_DUPLICATE,REJECT,Exact duplicate call event removed.
calls,CALL0077143,EXACT_DUPLICATE,REJECT,Exact duplicate call event removed.
calls,CALL0025279,EXACT_DUPLICATE,REJECT,Exact duplicate call event removed.
calls,CALL0079302,EXACT_DUPLICATE,REJECT,Exact duplicate call event removed.
calls,CALL0049620,EXACT_DUPLICATE,REJECT,Exact duplicate call event removed.
calls,CALL0033260,EXACT_DUPLICATE,REJECT,Exact duplicate call event removed.
calls,CALL0087176,EXACT_DUPLICATE,REJECT,Exact duplicate call event removed.
calls,CALL0055790,EXACT_DUPLICATE,REJECT,Exact duplicate call event removed.
calls,CALL0076516,EXACT_DUPLICATE,REJECT,Exact duplicate call event removed.
calls,CALL0085843,EXACT_DUPLICATE,REJECT,Exact duplicate call event removed.
calls,CALL0061515,EXACT_DUPLICATE,REJECT,Exact duplicate call event removed.
calls,CALL0054347,EXACT_DUPLICATE,REJECT,Exact duplicate call event removed.
calls,CALL0074137,EXACT_DUPLICATE,REJECT,Exact duplicate call event removed.
calls,CALL0039723,EXACT_DUPLICATE,REJECT,Exact duplicate call event removed.
calls,CALL0020060,EXACT_DUPLICATE,REJECT,Exact duplicate call event removed.
calls,CALL0008830,EXACT_DUPLICATE,REJECT,Exact duplicate call event removed.
calls,CALL0055627,EXACT_DUPLICATE,REJECT,Exact duplicate call event removed.
calls,CALL0049024,EXACT_DUPLICATE,REJECT,Exact duplicate call event removed.
calls,CALL0038384,EXACT_DUPLICATE,REJECT,Exact duplicate call event removed.
calls,CALL0070402,EXACT_DUPLICATE,REJECT,Exact duplicate call event removed.
calls,CALL0010102,EXACT_DUPLICATE,REJECT,Exact duplicate call event removed.
calls,CALL0019932,EXACT_DUPLICATE,REJECT,Exact duplicate call event removed.
calls,CALL0070247,EXACT_DUPLICATE,REJECT,Exact duplicate call event removed.
calls,CALL0075946,EXACT_DUPLICATE,REJECT,Exact duplicate call event removed.
calls,CALL0050172,EXACT_DUPLICATE,REJECT,Exact duplicate call event removed.
calls,CALL0043564,EXACT_DUPLICATE,REJECT,Exact duplicate call event removed.
calls,CALL0086891,EXACT_DUPLICATE,REJECT,Exact duplicate call event removed.
calls,CALL0028785,EXACT_DUPLICATE,REJECT,Exact duplicate call event removed.
calls,CALL0024197,EXACT_DUPLICATE,REJECT,Exact duplicate call event removed.
calls,CALL0020416,EXACT_DUPLICATE,REJECT,Exact duplicate call event removed.
calls,CALL0012969,EXACT_DUPLICATE,REJECT,Exact duplicate call event removed.
calls,CALL0046131,EXACT_DUPLICATE,REJECT,Exact duplicate call event removed.
calls,CALL0042208,EXACT_DUPLICATE,REJECT,Exact duplicate call event removed.
calls,CALL0087621,EXACT_DUPLICATE,REJECT,Exact duplicate call event removed.
calls,CALL0050340,EXACT_DUPLICATE,REJECT,Exact duplicate call event removed.
calls,CALL0022498,EXACT_DUPLICATE,REJECT,Exact duplicate call event removed.
calls,CALL0027187,EXACT_DUPLICATE,REJECT,Exact duplicate call event removed.
calls,CALL0057970,EXACT_DUPLICATE,REJECT,Exact duplicate call event removed.
calls,CALL0039807,EXACT_DUPLICATE,REJECT,Exact duplicate call event removed.
calls,CALL0075227,EXACT_DUPLICATE,REJECT,Exact duplicate call event removed.
calls,CALL0003293,EXACT_DUPLICATE,REJECT,Exact duplicate call event removed.
calls,CALL0069693,EXACT_DUPLICATE,REJECT,Exact duplicate call event removed.
calls,CALL0039653,EXACT_DUPLICATE,REJECT,Exact duplicate call event removed.
calls,CALL0051969,EXACT_DUPLICATE,REJECT,Exact duplicate call event removed.
calls,CALL0049531,EXACT_DUPLICATE,REJECT,Exact duplicate call event removed.
calls,CALL0070235,EXACT_DUPLICATE,REJECT,Exact duplicate call event removed.
calls,CALL0041143,EXACT_DUPLICATE,REJECT,Exact duplicate call event removed.
calls,CALL0052582,EXACT_DUPLICATE,REJECT,Exact duplicate call event removed.
calls,CALL0082427,EXACT_DUPLICATE,REJECT,Exact duplicate call event removed.
calls,CALL0048855,EXACT_DUPLICATE,REJECT,Exact duplicate call event removed.
calls,CALL0033244,EXACT_DUPLICATE,REJECT,Exact duplicate call event removed.
calls,CALL0008997,EXACT_DUPLICATE,REJECT,Exact duplicate call event removed.
calls,CALL0039963,EXACT_DUPLICATE,REJECT,Exact duplicate call event removed.
calls,CALL0024126,EXACT_DUPLICATE,REJECT,Exact duplicate call event removed.
calls,CALL0042652,EXACT_DUPLICATE,REJECT,Exact duplicate call event removed.
calls,CALL0084662,EXACT_DUPLICATE,REJECT,Exact duplicate call event removed.
calls,CALL0010142,EXACT_DUPLICATE,REJECT,Exact duplicate call event removed.
calls,CALL0077246,EXACT_DUPLICATE,REJECT,Exact duplicate call event removed.
calls,CALL0029488,EXACT_DUPLICATE,REJECT,Exact duplicate call event removed.
calls,CALL0075838,EXACT_DUPLICATE,REJECT,Exact duplicate call event removed.
calls,CALL0071688,EXACT_DUPLICATE,REJECT,Exact duplicate call event removed.
calls,CALL0035995,EXACT_DUPLICATE,REJECT,Exact duplicate call event removed.
calls,CALL0067562,EXACT_DUPLICATE,REJECT,Exact duplicate call event removed.
calls,CALL0049118,EXACT_DUPLICATE,REJECT,Exact duplicate call event removed.
calls,CALL0046666,EXACT_DUPLICATE,REJECT,Exact duplicate call event removed.
calls,CALL0066936,EXACT_DUPLICATE,REJECT,Exact duplicate call event removed.
calls,CALL0039322,EXACT_DUPLICATE,REJECT,Exact duplicate call event removed.
calls,CALL0002720,EXACT_DUPLICATE,REJECT,Exact duplicate call event removed.
calls,CALL0085371,EXACT_DUPLICATE,REJECT,Exact duplicate call event removed.
calls,CALL0015836,EXACT_DUPLICATE,REJECT,Exact duplicate call event removed.
calls,CALL0002623,EXACT_DUPLICATE,REJECT,Exact duplicate call event removed.
calls,CALL0074790,EXACT_DUPLICATE,REJECT,Exact duplicate call event removed.
calls,CALL0029310,EXACT_DUPLICATE,REJECT,Exact duplicate call event removed.
calls,CALL0075899,EXACT_DUPLICATE,REJECT,Exact duplicate call event removed.
calls,CALL0008985,EXACT_DUPLICATE,REJECT,Exact duplicate call event removed.
calls,CALL0035322,EXACT_DUPLICATE,REJECT,Exact duplicate call event removed.
calls,CALL0088072,EXACT_DUPLICATE,REJECT,Exact duplicate call event removed.
calls,CALL0086799,EXACT_DUPLICATE,REJECT,Exact duplicate call event removed.
calls,CALL0025612,EXACT_DUPLICATE,REJECT,Exact duplicate call event removed.
calls,CALL0044978,EXACT_DUPLICATE,REJECT,Exact duplicate call event removed.
calls,CALL0081064,EXACT_DUPLICATE,REJECT,Exact duplicate call event removed.
calls,CALL0076420,EXACT_DUPLICATE,REJECT,Exact duplicate call event removed.
calls,CALL0059522,EXACT_DUPLICATE,REJECT,Exact duplicate call event removed.
calls,CALL0019172,EXACT_DUPLICATE,REJECT,Exact duplicate call event removed.
calls,CALL0071234,EXACT_DUPLICATE,REJECT,Exact duplicate call event removed.
calls,CALL0075214,EXACT_DUPLICATE,REJECT,Exact duplicate call event removed.
calls,CALL0074433,EXACT_DUPLICATE,REJECT,Exact duplicate call event removed.
calls,CALL0038141,EXACT_DUPLICATE,REJECT,Exact duplicate call event removed.
calls,CALL0052838,EXACT_DUPLICATE,REJECT,Exact duplicate call event removed.
calls,CALL0024406,EXACT_DUPLICATE,REJECT,Exact duplicate call event removed.
calls,CALL0051967,EXACT_DUPLICATE,REJECT,Exact duplicate call event removed.
calls,CALL0017906,EXACT_DUPLICATE,REJECT,Exact duplicate call event removed.
calls,CALL0053255,EXACT_DUPLICATE,REJECT,Exact duplicate call event removed.
calls,CALL0042144,EXACT_DUPLICATE,REJECT,Exact duplicate call event removed.
calls,CALL0012471,EXACT_DUPLICATE,REJECT,Exact duplicate call event removed.
calls,CALL0019399,EXACT_DUPLICATE,REJECT,Exact duplicate call event removed.
calls,CALL0022932,EXACT_DUPLICATE,REJECT,Exact duplicate call event removed.
calls,CALL0003182,EXACT_DUPLICATE,REJECT,Exact duplicate call event removed.
calls,CALL0016745,EXACT_DUPLICATE,REJECT,Exact duplicate call event removed.
calls,CALL0062020,EXACT_DUPLICATE,REJECT,Exact duplicate call event removed.
calls,CALL0024993,EXACT_DUPLICATE,REJECT,Exact duplicate call event removed.
calls,CALL0050723,EXACT_DUPLICATE,REJECT,Exact duplicate call event removed.
calls,CALL0073737,EXACT_DUPLICATE,REJECT,Exact duplicate call event removed.
calls,CALL0071278,EXACT_DUPLICATE,REJECT,Exact duplicate call event removed.
calls,CALL0014917,EXACT_DUPLICATE,REJECT,Exact duplicate call event removed.
calls,CALL0022128,EXACT_DUPLICATE,REJECT,Exact duplicate call event removed.
calls,CALL0002266,EXACT_DUPLICATE,REJECT,Exact duplicate call event removed.
calls,CALL0081737,EXACT_DUPLICATE,REJECT,Exact duplicate call event removed.
calls,CALL0036819,EXACT_DUPLICATE,REJECT,Exact duplicate call event removed.
calls,CALL0045536,EXACT_DUPLICATE,REJECT,Exact duplicate call event removed.
calls,CALL0047001,EXACT_DUPLICATE,REJECT,Exact duplicate call event removed.
calls,CALL0080293,EXACT_DUPLICATE,REJECT,Exact duplicate call event removed.
calls,CALL0050381,EXACT_DUPLICATE,REJECT,Exact duplicate call event removed.
calls,CALL0049264,EXACT_DUPLICATE,REJECT,Exact duplicate call event removed.
calls,CALL0020438,EXACT_DUPLICATE,REJECT,Exact duplicate call event removed.
calls,CALL0021406,EXACT_DUPLICATE,REJECT,Exact duplicate call event removed.
calls,CALL0059271,EXACT_DUPLICATE,REJECT,Exact duplicate call event removed.
calls,CALL0076572,EXACT_DUPLICATE,REJECT,Exact duplicate call event removed.
calls,CALL0053294,EXACT_DUPLICATE,REJECT,Exact duplicate call event removed.
calls,CALL0080780,EXACT_DUPLICATE,REJECT,Exact duplicate call event removed.
calls,CALL0012759,EXACT_DUPLICATE,REJECT,Exact duplicate call event removed.
calls,CALL0054982,EXACT_DUPLICATE,REJECT,Exact duplicate call event removed.
calls,CALL0022530,EXACT_DUPLICATE,REJECT,Exact duplicate call event removed.
calls,CALL0018957,EXACT_DUPLICATE,REJECT,Exact duplicate call event removed.
calls,CALL0066257,EXACT_DUPLICATE,REJECT,Exact duplicate call event removed.
calls,CALL0064355,EXACT_DUPLICATE,REJECT,Exact duplicate call event removed.
calls,CALL0032964,EXACT_DUPLICATE,REJECT,Exact duplicate call event removed.
calls,CALL0033006,EXACT_DUPLICATE,REJECT,Exact duplicate call event removed.
calls,CALL0027421,EXACT_DUPLICATE,REJECT,Exact duplicate call event removed.
calls,CALL0070697,EXACT_DUPLICATE,REJECT,Exact duplicate call event removed.
calls,CALL0044641,EXACT_DUPLICATE,REJECT,Exact duplicate call event removed.
calls,CALL0048980,EXACT_DUPLICATE,REJECT,Exact duplicate call event removed.
calls,CALL0089006,EXACT_DUPLICATE,REJECT,Exact duplicate call event removed.
calls,CALL0086317,EXACT_DUPLICATE,REJECT,Exact duplicate call event removed.
calls,CALL0089992,EXACT_DUPLICATE,REJECT,Exact duplicate call event removed.
calls,CALL0036109,EXACT_DUPLICATE,REJECT,Exact duplicate call event removed.
calls,CALL0056577,EXACT_DUPLICATE,REJECT,Exact duplicate call event removed.
calls,CALL0077314,EXACT_DUPLICATE,REJECT,Exact duplicate call event removed.
calls,CALL0048134,EXACT_DUPLICATE,REJECT,Exact duplicate call event removed.
calls,CALL0079497,EXACT_DUPLICATE,REJECT,Exact duplicate call event removed.
calls,CALL0040766,EXACT_DUPLICATE,REJECT,Exact duplicate call event removed.
calls,CALL0038994,EXACT_DUPLICATE,REJECT,Exact duplicate call event removed.
calls,CALL0046065,EXACT_DUPLICATE,REJECT,Exact duplicate call event removed.
calls,CALL0042374,EXACT_DUPLICATE,REJECT,Exact duplicate call event removed.
calls,CALL0038235,EXACT_DUPLICATE,REJECT,Exact duplicate call event removed.
calls,CALL0040655,EXACT_DUPLICATE,REJECT,Exact duplicate call event removed.
calls,CALL0020095,EXACT_DUPLICATE,REJECT,Exact duplicate call event removed.
calls,CALL0012441,EXACT_DUPLICATE,REJECT,Exact duplicate call event removed.
calls,CALL0035950,EXACT_DUPLICATE,REJECT,Exact duplicate call event removed.
calls,CALL0041617,EXACT_DUPLICATE,REJECT,Exact duplicate call event removed.
calls,CALL0038517,EXACT_DUPLICATE,REJECT,Exact duplicate call event removed.
calls,CALL0018535,EXACT_DUPLICATE,REJECT,Exact duplicate call event removed.
calls,CALL0076121,EXACT_DUPLICATE,REJECT,Exact duplicate call event removed.
calls,CALL0046432,EXACT_DUPLICATE,REJECT,Exact duplicate call event removed.
calls,CALL0006378,EXACT_DUPLICATE,REJECT,Exact duplicate call event removed.
calls,CALL0081010,EXACT_DUPLICATE,REJECT,Exact duplicate call event removed.
calls,CALL0077440,EXACT_DUPLICATE,REJECT,Exact duplicate call event removed.
calls,CALL0012172,EXACT_DUPLICATE,REJECT,Exact duplicate call event removed.
calls,CALL0068954,EXACT_DUPLICATE,REJECT,Exact duplicate call event removed.
calls,CALL0056062,EXACT_DUPLICATE,REJECT,Exact duplicate call event removed.
calls,CALL0047910,EXACT_DUPLICATE,REJECT,Exact duplicate call event removed.
calls,CALL0040651,EXACT_DUPLICATE,REJECT,Exact duplicate call event removed.
calls,CALL0060923,EXACT_DUPLICATE,REJECT,Exact duplicate call event removed.
calls,CALL0058227,EXACT_DUPLICATE,REJECT,Exact duplicate call event removed.
calls,CALL0015714,EXACT_DUPLICATE,REJECT,Exact duplicate call event removed.
calls,CALL0002177,EXACT_DUPLICATE,REJECT,Exact duplicate call event removed.
calls,CALL0040729,EXACT_DUPLICATE,REJECT,Exact duplicate call event removed.
calls,CALL0053051,EXACT_DUPLICATE,REJECT,Exact duplicate call event removed.
calls,CALL0084473,EXACT_DUPLICATE,REJECT,Exact duplicate call event removed.
calls,CALL0059373,EXACT_DUPLICATE,REJECT,Exact duplicate call event removed.
calls,CALL0005050,EXACT_DUPLICATE,REJECT,Exact duplicate call event removed.
calls,CALL0071745,EXACT_DUPLICATE,REJECT,Exact duplicate call event removed.
calls,CALL0000872,EXACT_DUPLICATE,REJECT,Exact duplicate call event removed.
calls,CALL0003775,EXACT_DUPLICATE,REJECT,Exact duplicate call event removed.
calls,CALL0056801,EXACT_DUPLICATE,REJECT,Exact duplicate call event removed.
calls,CALL0056414,EXACT_DUPLICATE,REJECT,Exact duplicate call event removed.
calls,CALL0001881,EXACT_DUPLICATE,REJECT,Exact duplicate call event removed.
calls,CALL0086710,EXACT_DUPLICATE,REJECT,Exact duplicate call event removed.
calls,CALL0055082,EXACT_DUPLICATE,REJECT,Exact duplicate call event removed.
calls,CALL0052575,EXACT_DUPLICATE,REJECT,Exact duplicate call event removed.
calls,CALL0046576,EXACT_DUPLICATE,REJECT,Exact duplicate call event removed.
calls,CALL0067702,EXACT_DUPLICATE,REJECT,Exact duplicate call event removed.
calls,CALL0079487,EXACT_DUPLICATE,REJECT,Exact duplicate call event removed.
calls,CALL0054248,EXACT_DUPLICATE,REJECT,Exact duplicate call event removed.
calls,CALL0063005,EXACT_DUPLICATE,REJECT,Exact duplicate call event removed.
calls,CALL0051456,EXACT_DUPLICATE,REJECT,Exact duplicate call event removed.
calls,CALL0073769,EXACT_DUPLICATE,REJECT,Exact duplicate call event removed.
calls,CALL0015045,EXACT_DUPLICATE,REJECT,Exact duplicate call event removed.
calls,CALL0016713,EXACT_DUPLICATE,REJECT,Exact duplicate call event removed.
calls,CALL0064588,EXACT_DUPLICATE,REJECT,Exact duplicate call event removed.
calls,CALL0049968,EXACT_DUPLICATE,REJECT,Exact duplicate call event removed.
calls,CALL0006989,EXACT_DUPLICATE,REJECT,Exact duplicate call event removed.
calls,CALL0006844,EXACT_DUPLICATE,REJECT,Exact duplicate call event removed.
calls,CALL0041506,EXACT_DUPLICATE,REJECT,Exact duplicate call event removed.
calls,CALL0069062,EXACT_DUPLICATE,REJECT,Exact duplicate call event removed.
calls,CALL0075696,EXACT_DUPLICATE,REJECT,Exact duplicate call event removed.
calls,CALL0072440,EXACT_DUPLICATE,REJECT,Exact duplicate call event removed.
calls,CALL0018480,EXACT_DUPLICATE,REJECT,Exact duplicate call event removed.
calls,CALL0073657,EXACT_DUPLICATE,REJECT,Exact duplicate call event removed.
calls,CALL0035345,EXACT_DUPLICATE,REJECT,Exact duplicate call event removed.
calls,CALL0047097,EXACT_DUPLICATE,REJECT,Exact duplicate call event removed.
calls,CALL0005660,EXACT_DUPLICATE,REJECT,Exact duplicate call event removed.
calls,CALL0050944,EXACT_DUPLICATE,REJECT,Exact duplicate call event removed.
calls,CALL0089194,EXACT_DUPLICATE,REJECT,Exact duplicate call event removed.
calls,CALL0008618,EXACT_DUPLICATE,REJECT,Exact duplicate call event removed.
calls,CALL0003500,EXACT_DUPLICATE,REJECT,Exact duplicate call event removed.
calls,CALL0022263,EXACT_DUPLICATE,REJECT,Exact duplicate call event removed.
calls,CALL0081502,EXACT_DUPLICATE,REJECT,Exact duplicate call event removed.
calls,CALL0078481,EXACT_DUPLICATE,REJECT,Exact duplicate call event removed.
calls,CALL0008136,EXACT_DUPLICATE,REJECT,Exact duplicate call event removed.
calls,CALL0016078,EXACT_DUPLICATE,REJECT,Exact duplicate call event removed.
calls,CALL0075941,EXACT_DUPLICATE,REJECT,Exact duplicate call event removed.
calls,CALL0047319,EXACT_DUPLICATE,REJECT,Exact duplicate call event removed.
calls,CALL0054678,EXACT_DUPLICATE,REJECT,Exact duplicate call event removed.
calls,CALL0070935,EXACT_DUPLICATE,REJECT,Exact duplicate call event removed.
calls,CALL0083555,EXACT_DUPLICATE,REJECT,Exact duplicate call event removed.
calls,CALL0062755,EXACT_DUPLICATE,REJECT,Exact duplicate call event removed.
calls,CALL0075129,EXACT_DUPLICATE,REJECT,Exact duplicate call event removed.
calls,CALL0038855,EXACT_DUPLICATE,REJECT,Exact duplicate call event removed.
calls,CALL0036854,EXACT_DUPLICATE,REJECT,Exact duplicate call event removed.
calls,CALL0042727,EXACT_DUPLICATE,REJECT,Exact duplicate call event removed.
calls,CALL0029068,EXACT_DUPLICATE,REJECT,Exact duplicate call event removed.
calls,CALL0051940,EXACT_DUPLICATE,REJECT,Exact duplicate call event removed.
calls,CALL0037878,EXACT_DUPLICATE,REJECT,Exact duplicate call event removed.
calls,CALL0086364,EXACT_DUPLICATE,REJECT,Exact duplicate call event removed.
calls,CALL0018093,EXACT_DUPLICATE,REJECT,Exact duplicate call event removed.
calls,CALL0054554,EXACT_DUPLICATE,REJECT,Exact duplicate call event removed.
calls,CALL0035857,EXACT_DUPLICATE,REJECT,Exact duplicate call event removed.
calls,CALL0046578,EXACT_DUPLICATE,REJECT,Exact duplicate call event removed.
calls,CALL0058819,EXACT_DUPLICATE,REJECT,Exact duplicate call event removed.
calls,CALL0089394,EXACT_DUPLICATE,REJECT,Exact duplicate call event removed.
calls,CALL0088587,EXACT_DUPLICATE,REJECT,Exact duplicate call event removed.
calls,CALL0071117,EXACT_DUPLICATE,REJECT,Exact duplicate call event removed.
calls,CALL0016458,EXACT_DUPLICATE,REJECT,Exact duplicate call event removed.
calls,CALL0013075,EXACT_DUPLICATE,REJECT,Exact duplicate call event removed.
calls,CALL0046955,EXACT_DUPLICATE,REJECT,Exact duplicate call event removed.
calls,CALL0032136,EXACT_DUPLICATE,REJECT,Exact duplicate call event removed.
calls,CALL0068747,EXACT_DUPLICATE,REJECT,Exact duplicate call event removed.
calls,CALL0088208,EXACT_DUPLICATE,REJECT,Exact duplicate call event removed.
calls,CALL0029184,EXACT_DUPLICATE,REJECT,Exact duplicate call event removed.
calls,CALL0069497,EXACT_DUPLICATE,REJECT,Exact duplicate call event removed.
calls,CALL0018172,EXACT_DUPLICATE,REJECT,Exact duplicate call event removed.
calls,CALL0027108,EXACT_DUPLICATE,REJECT,Exact duplicate call event removed.
calls,CALL0061918,EXACT_DUPLICATE,REJECT,Exact duplicate call event removed.
calls,CALL0052945,EXACT_DUPLICATE,REJECT,Exact duplicate call event removed.
calls,CALL0010773,EXACT_DUPLICATE,REJECT,Exact duplicate call event removed.
calls,CALL0069294,EXACT_DUPLICATE,REJECT,Exact duplicate call event removed.
calls,CALL0086635,EXACT_DUPLICATE,REJECT,Exact duplicate call event removed.
calls,CALL0048162,EXACT_DUPLICATE,REJECT,Exact duplicate call event removed.
calls,CALL0025766,EXACT_DUPLICATE,REJECT,Exact duplicate call event removed.
calls,CALL0084509,EXACT_DUPLICATE,REJECT,Exact duplicate call event removed.
calls,CALL0067254,EXACT_DUPLICATE,REJECT,Exact duplicate call event removed.
calls,CALL0064035,EXACT_DUPLICATE,REJECT,Exact duplicate call event removed.
calls,CALL0024669,EXACT_DUPLICATE,REJECT,Exact duplicate call event removed.
calls,CALL0013532,EXACT_DUPLICATE,REJECT,Exact duplicate call event removed.
calls,CALL0077599,EXACT_DUPLICATE,REJECT,Exact duplicate call event removed.
calls,CALL0073811,EXACT_DUPLICATE,REJECT,Exact duplicate call event removed.
calls,CALL0005538,EXACT_DUPLICATE,REJECT,Exact duplicate call event removed.
calls,CALL0082023,EXACT_DUPLICATE,REJECT,Exact duplicate call event removed.
calls,CALL0019328,EXACT_DUPLICATE,REJECT,Exact duplicate call event removed.
calls,CALL0038721,EXACT_DUPLICATE,REJECT,Exact duplicate call event removed.
calls,CALL0018329,EXACT_DUPLICATE,REJECT,Exact duplicate call event removed.
calls,CALL0059260,EXACT_DUPLICATE,REJECT,Exact duplicate call event removed.
calls,CALL0008544,EXACT_DUPLICATE,REJECT,Exact duplicate call event removed.
calls,CALL0063503,EXACT_DUPLICATE,REJECT,Exact duplicate call event removed.
calls,CALL0053469,EXACT_DUPLICATE,REJECT,Exact duplicate call event removed.
calls,CALL0065695,EXACT_DUPLICATE,REJECT,Exact duplicate call event removed.
calls,CALL0033658,EXACT_DUPLICATE,REJECT,Exact duplicate call event removed.
calls,CALL0036417,EXACT_DUPLICATE,REJECT,Exact duplicate call event removed.
calls,CALL0085302,EXACT_DUPLICATE,REJECT,Exact duplicate call event removed.
calls,CALL0068893,EXACT_DUPLICATE,REJECT,Exact duplicate call event removed.
calls,CALL0079993,EXACT_DUPLICATE,REJECT,Exact duplicate call event removed.
calls,CALL0054455,EXACT_DUPLICATE,REJECT,Exact duplicate call event removed.
calls,CALL0012944,EXACT_DUPLICATE,REJECT,Exact duplicate call event removed.
calls,CALL0034136,EXACT_DUPLICATE,REJECT,Exact duplicate call event removed.
calls,CALL0028795,EXACT_DUPLICATE,REJECT,Exact duplicate call event removed.
calls,CALL0028866,EXACT_DUPLICATE,REJECT,Exact duplicate call event removed.
calls,CALL0054481,EXACT_DUPLICATE,REJECT,Exact duplicate call event removed.
calls,CALL0080370,EXACT_DUPLICATE,REJECT,Exact duplicate call event removed.
calls,CALL0077870,EXACT_DUPLICATE,REJECT,Exact duplicate call event removed.
calls,CALL0063668,EXACT_DUPLICATE,REJECT,Exact duplicate call event removed.
calls,CALL0008102,EXACT_DUPLICATE,REJECT,Exact duplicate call event removed.
calls,CALL0008344,EXACT_DUPLICATE,REJECT,Exact duplicate call event removed.
calls,CALL0032025,EXACT_DUPLICATE,REJECT,Exact duplicate call event removed.
calls,CALL0052590,EXACT_DUPLICATE,REJECT,Exact duplicate call event removed.
calls,CALL0081282,EXACT_DUPLICATE,REJECT,Exact duplicate call event removed.
calls,CALL0020751,EXACT_DUPLICATE,REJECT,Exact duplicate call event removed.
calls,CALL0013568,EXACT_DUPLICATE,REJECT,Exact duplicate call event removed.
calls,CALL0011756,EXACT_DUPLICATE,REJECT,Exact duplicate call event removed.
calls,CALL0031137,EXACT_DUPLICATE,REJECT,Exact duplicate call event removed.
calls,CALL0004209,EXACT_DUPLICATE,REJECT,Exact duplicate call event removed.
calls,CALL0058304,EXACT_DUPLICATE,REJECT,Exact duplicate call event removed.
calls,CALL0050756,EXACT_DUPLICATE,REJECT,Exact duplicate call event removed.
calls,CALL0073528,EXACT_DUPLICATE,REJECT,Exact duplicate call event removed.
calls,CALL0002100,EXACT_DUPLICATE,REJECT,Exact duplicate call event removed.
calls,CALL0065984,EXACT_DUPLICATE,REJECT,Exact duplicate call event removed.
calls,CALL0069200,EXACT_DUPLICATE,REJECT,Exact duplicate call event removed.
calls,CALL0074627,EXACT_DUPLICATE,REJECT,Exact duplicate call event removed.
calls,CALL0085600,EXACT_DUPLICATE,REJECT,Exact duplicate call event removed.
calls,CALL0051799,EXACT_DUPLICATE,REJECT,Exact duplicate call event removed.
calls,CALL0031822,EXACT_DUPLICATE,REJECT,Exact duplicate call event removed.
calls,CALL0036971,EXACT_DUPLICATE,REJECT,Exact duplicate call event removed.
calls,CALL0016885,EXACT_DUPLICATE,REJECT,Exact duplicate call event removed.
calls,CALL0051616,EXACT_DUPLICATE,REJECT,Exact duplicate call event removed.
calls,CALL0033969,EXACT_DUPLICATE,REJECT,Exact duplicate call event removed.
calls,CALL0031727,EXACT_DUPLICATE,REJECT,Exact duplicate call event removed.
calls,CALL0021986,EXACT_DUPLICATE,REJECT,Exact duplicate call event removed.
calls,CALL0088615,EXACT_DUPLICATE,REJECT,Exact duplicate call event removed.
calls,CALL0038725,EXACT_DUPLICATE,REJECT,Exact duplicate call event removed.
calls,CALL0008995,EXACT_DUPLICATE,REJECT,Exact duplicate call event removed.
calls,CALL0009665,EXACT_DUPLICATE,REJECT,Exact duplicate call event removed.
calls,CALL0077155,EXACT_DUPLICATE,REJECT,Exact duplicate call event removed.
calls,CALL0020220,EXACT_DUPLICATE,REJECT,Exact duplicate call event removed.
calls,CALL0023016,EXACT_DUPLICATE,REJECT,Exact duplicate call event removed.
calls,CALL0050842,EXACT_DUPLICATE,REJECT,Exact duplicate call event removed.
calls,CALL0038304,EXACT_DUPLICATE,REJECT,Exact duplicate call event removed.
calls,CALL0018125,EXACT_DUPLICATE,REJECT,Exact duplicate call event removed.
calls,CALL0072589,EXACT_DUPLICATE,REJECT,Exact duplicate call event removed.
calls,CALL0010360,EXACT_DUPLICATE,REJECT,Exact duplicate call event removed.
calls,CALL0036676,EXACT_DUPLICATE,REJECT,Exact duplicate call event removed.
calls,CALL0053221,EXACT_DUPLICATE,REJECT,Exact duplicate call event removed.
calls,CALL0082510,EXACT_DUPLICATE,REJECT,Exact duplicate call event removed.
calls,CALL0082771,EXACT_DUPLICATE,REJECT,Exact duplicate call event removed.
calls,CALL0003737,EXACT_DUPLICATE,REJECT,Exact duplicate call event removed.
calls,CALL0007410,EXACT_DUPLICATE,REJECT,Exact duplicate call event removed.
calls,CALL0014201,EXACT_DUPLICATE,REJECT,Exact duplicate call event removed.
calls,CALL0031579,EXACT_DUPLICATE,REJECT,Exact duplicate call event removed.
calls,CALL0088670,EXACT_DUPLICATE,REJECT,Exact duplicate call event removed.
calls,CALL0011303,EXACT_DUPLICATE,REJECT,Exact duplicate call event removed.
calls,CALL0023583,EXACT_DUPLICATE,REJECT,Exact duplicate call event removed.
calls,CALL0024327,EXACT_DUPLICATE,REJECT,Exact duplicate call event removed.
calls,CALL0065894,EXACT_DUPLICATE,REJECT,Exact duplicate call event removed.
calls,CALL0055773,EXACT_DUPLICATE,REJECT,Exact duplicate call event removed.
calls,CALL0088806,EXACT_DUPLICATE,REJECT,Exact duplicate call event removed.
calls,CALL0017963,EXACT_DUPLICATE,REJECT,Exact duplicate call event removed.
calls,CALL0016481,EXACT_DUPLICATE,REJECT,Exact duplicate call event removed.
calls,CALL0053822,EXACT_DUPLICATE,REJECT,Exact duplicate call event removed.
calls,CALL0069968,EXACT_DUPLICATE,REJECT,Exact duplicate call event removed.
calls,CALL0037173,EXACT_DUPLICATE,REJECT,Exact duplicate call event removed.
calls,CALL0089385,EXACT_DUPLICATE,REJECT,Exact duplicate call event removed.
calls,CALL0051413,EXACT_DUPLICATE,REJECT,Exact duplicate call event removed.
calls,CALL0066080,EXACT_DUPLICATE,REJECT,Exact duplicate call event removed.
calls,CALL0054183,EXACT_DUPLICATE,REJECT,Exact duplicate call event removed.
calls,CALL0006472,EXACT_DUPLICATE,REJECT,Exact duplicate call event removed.
calls,CALL0051939,EXACT_DUPLICATE,REJECT,Exact duplicate call event removed.
calls,CALL0083340,EXACT_DUPLICATE,REJECT,Exact duplicate call event removed.
calls,CALL0069913,EXACT_DUPLICATE,REJECT,Exact duplicate call event removed.
calls,CALL0088772,EXACT_DUPLICATE,REJECT,Exact duplicate call event removed.
calls,CALL0088126,EXACT_DUPLICATE,REJECT,Exact duplicate call event removed.
calls,CALL0022211,EXACT_DUPLICATE,REJECT,Exact duplicate call event removed.
calls,CALL0049503,EXACT_DUPLICATE,REJECT,Exact duplicate call event removed.
calls,CALL0068794,EXACT_DUPLICATE,REJECT,Exact duplicate call event removed.
calls,CALL0030627,EXACT_DUPLICATE,REJECT,Exact duplicate call event removed.
calls,CALL0048950,EXACT_DUPLICATE,REJECT,Exact duplicate call event removed.
calls,CALL0020557,EXACT_DUPLICATE,REJECT,Exact duplicate call event removed.
calls,CALL0025321,EXACT_DUPLICATE,REJECT,Exact duplicate call event removed.
calls,CALL0044054,EXACT_DUPLICATE,REJECT,Exact duplicate call event removed.
calls,CALL0033073,EXACT_DUPLICATE,REJECT,Exact duplicate call event removed.
calls,CALL0009408,EXACT_DUPLICATE,REJECT,Exact duplicate call event removed.
calls,CALL0081608,EXACT_DUPLICATE,REJECT,Exact duplicate call event removed.
calls,CALL0002327,EXACT_DUPLICATE,REJECT,Exact duplicate call event removed.
calls,CALL0006044,EXACT_DUPLICATE,REJECT,Exact duplicate call event removed.
calls,CALL0087283,EXACT_DUPLICATE,REJECT,Exact duplicate call event removed.
calls,CALL0052986,EXACT_DUPLICATE,REJECT,Exact duplicate call event removed.
calls,CALL0089739,EXACT_DUPLICATE,REJECT,Exact duplicate call event removed.
calls,CALL0008047,EXACT_DUPLICATE,REJECT,Exact duplicate call event removed.
calls,CALL0020056,EXACT_DUPLICATE,REJECT,Exact duplicate call event removed.
calls,CALL0024426,EXACT_DUPLICATE,REJECT,Exact duplicate call event removed.
calls,CALL0013500,EXACT_DUPLICATE,REJECT,Exact duplicate call event removed.
calls,CALL0024604,EXACT_DUPLICATE,REJECT,Exact duplicate call event removed.
calls,CALL0044214,EXACT_DUPLICATE,REJECT,Exact duplicate call event removed.
calls,CALL0001904,EXACT_DUPLICATE,REJECT,Exact duplicate call event removed.
calls,CALL0069901,EXACT_DUPLICATE,REJECT,Exact duplicate call event removed.
calls,CALL0007875,EXACT_DUPLICATE,REJECT,Exact duplicate call event removed.
calls,CALL0052376,EXACT_DUPLICATE,REJECT,Exact duplicate call event removed.
calls,CALL0089544,EXACT_DUPLICATE,REJECT,Exact duplicate call event removed.
calls,CALL0003824,EXACT_DUPLICATE,REJECT,Exact duplicate call event removed.
calls,CALL0026807,EXACT_DUPLICATE,REJECT,Exact duplicate call event removed.
calls,CALL0064302,EXACT_DUPLICATE,REJECT,Exact duplicate call event removed.
calls,CALL0031741,EXACT_DUPLICATE,REJECT,Exact duplicate call event removed.
calls,CALL0081463,EXACT_DUPLICATE,REJECT,Exact duplicate call event removed.
calls,CALL0061512,EXACT_DUPLICATE,REJECT,Exact duplicate call event removed.
calls,CALL0019283,EXACT_DUPLICATE,REJECT,Exact duplicate call event removed.
calls,CALL0053072,EXACT_DUPLICATE,REJECT,Exact duplicate call event removed.
calls,CALL0070642,EXACT_DUPLICATE,REJECT,Exact duplicate call event removed.
calls,CALL0011775,EXACT_DUPLICATE,REJECT,Exact duplicate call event removed.
calls,CALL0031421,EXACT_DUPLICATE,REJECT,Exact duplicate call event removed.
calls,CALL0039161,EXACT_DUPLICATE,REJECT,Exact duplicate call event removed.
calls,CALL0081001,EXACT_DUPLICATE,REJECT,Exact duplicate call event removed.
calls,CALL0041056,EXACT_DUPLICATE,REJECT,Exact duplicate call event removed.
calls,CALL0042623,EXACT_DUPLICATE,REJECT,Exact duplicate call event removed.
calls,CALL0069003,EXACT_DUPLICATE,REJECT,Exact duplicate call event removed.
calls,CALL0045802,EXACT_DUPLICATE,REJECT,Exact duplicate call event removed.
calls,CALL0038441,EXACT_DUPLICATE,REJECT,Exact duplicate call event removed.
calls,CALL0079663,EXACT_DUPLICATE,REJECT,Exact duplicate call event removed.
calls,CALL0057542,EXACT_DUPLICATE,REJECT,Exact duplicate call event removed.
calls,CALL0071789,EXACT_DUPLICATE,REJECT,Exact duplicate call event removed.
calls,CALL0070568,EXACT_DUPLICATE,REJECT,Exact duplicate call event removed.
calls,CALL0015361,EXACT_DUPLICATE,REJECT,Exact duplicate call event removed.
calls,CALL0088389,EXACT_DUPLICATE,REJECT,Exact duplicate call event removed.
calls,CALL0006368,EXACT_DUPLICATE,REJECT,Exact duplicate call event removed.
calls,CALL0069539,EXACT_DUPLICATE,REJECT,Exact duplicate call event removed.
calls,CALL0033087,EXACT_DUPLICATE,REJECT,Exact duplicate call event removed.
calls,CALL0076316,EXACT_DUPLICATE,REJECT,Exact duplicate call event removed.
calls,CALL0046434,EXACT_DUPLICATE,REJECT,Exact duplicate call event removed.
calls,CALL0026512,EXACT_DUPLICATE,REJECT,Exact duplicate call event removed.
calls,CALL0079095,EXACT_DUPLICATE,REJECT,Exact duplicate call event removed.
calls,CALL0067018,EXACT_DUPLICATE,REJECT,Exact duplicate call event removed.
calls,CALL0000078,EXACT_DUPLICATE,REJECT,Exact duplicate call event removed.
calls,CALL0009505,EXACT_DUPLICATE,REJECT,Exact duplicate call event removed.
calls,CALL0050704,EXACT_DUPLICATE,REJECT,Exact duplicate call event removed.
calls,CALL0060823,EXACT_DUPLICATE,REJECT,Exact duplicate call event removed.
calls,CALL0007587,EXACT_DUPLICATE,REJECT,Exact duplicate call event removed.
calls,CALL0087197,EXACT_DUPLICATE,REJECT,Exact duplicate call event removed.
calls,CALL0061981,EXACT_DUPLICATE,REJECT,Exact duplicate call event removed.
calls,CALL0024311,EXACT_DUPLICATE,REJECT,Exact duplicate call event removed.
calls,CALL0009031,EXACT_DUPLICATE,REJECT,Exact duplicate call event removed.
calls,CALL0012523,EXACT_DUPLICATE,REJECT,Exact duplicate call event removed.
payments,PAYMENT0011759,EXACT_DUPLICATE,REJECT,Exact duplicate payment event removed.
payments,PAYMENT0009343,EXACT_DUPLICATE,REJECT,Exact duplicate payment event removed.
payments,PAYMENT0013246,EXACT_DUPLICATE,REJECT,Exact duplicate payment event removed.
payments,PAYMENT0010649,EXACT_DUPLICATE,REJECT,Exact duplicate payment event removed.
payments,PAYMENT0015787,EXACT_DUPLICATE,REJECT,Exact duplicate payment event removed.
payments,PAYMENT0015179,EXACT_DUPLICATE,REJECT,Exact duplicate payment event removed.
payments,PAYMENT0008505,EXACT_DUPLICATE,REJECT,Exact duplicate payment event removed.
payments,PAYMENT0014525,EXACT_DUPLICATE,REJECT,Exact duplicate payment event removed.
payments,PAYMENT0003452,EXACT_DUPLICATE,REJECT,Exact duplicate payment event removed.
payments,PAYMENT0024820,EXACT_DUPLICATE,REJECT,Exact duplicate payment event removed.
payments,PAYMENT0000552,EXACT_DUPLICATE,REJECT,Exact duplicate payment event removed.
payments,PAYMENT0024074,EXACT_DUPLICATE,REJECT,Exact duplicate payment event removed.
payments,PAYMENT0019083,EXACT_DUPLICATE,REJECT,Exact duplicate payment event removed.
payments,PAYMENT0013083,EXACT_DUPLICATE,REJECT,Exact duplicate payment event removed.
payments,PAYMENT0017204,EXACT_DUPLICATE,REJECT,Exact duplicate payment event removed.
payments,PAYMENT0019604,EXACT_DUPLICATE,REJECT,Exact duplicate payment event removed.
payments,PAYMENT0003346,EXACT_DUPLICATE,REJECT,Exact duplicate payment event removed.
payments,PAYMENT0010788,EXACT_DUPLICATE,REJECT,Exact duplicate payment event removed.
payments,PAYMENT0002299,EXACT_DUPLICATE,REJECT,Exact duplicate payment event removed.
payments,PAYMENT0023518,EXACT_DUPLICATE,REJECT,Exact duplicate payment event removed.
payments,PAYMENT0010160,EXACT_DUPLICATE,REJECT,Exact duplicate payment event removed.
payments,PAYMENT0004491,EXACT_DUPLICATE,REJECT,Exact duplicate payment event removed.
payments,PAYMENT0004734,EXACT_DUPLICATE,REJECT,Exact duplicate payment event removed.
payments,PAYMENT0012446,EXACT_DUPLICATE,REJECT,Exact duplicate payment event removed.
payments,PAYMENT0002810,EXACT_DUPLICATE,REJECT,Exact duplicate payment event removed.
payments,PAYMENT0010497,EXACT_DUPLICATE,REJECT,Exact duplicate payment event removed.
payments,PAYMENT0005498,EXACT_DUPLICATE,REJECT,Exact duplicate payment event removed.
payments,PAYMENT0011230,EXACT_DUPLICATE,REJECT,Exact duplicate payment event removed.
payments,PAYMENT0007327,EXACT_DUPLICATE,REJECT,Exact duplicate payment event removed.
payments,PAYMENT0000695,EXACT_DUPLICATE,REJECT,Exact duplicate payment event removed.
payments,PAYMENT0023753,EXACT_DUPLICATE,REJECT,Exact duplicate payment event removed.
payments,PAYMENT0005611,EXACT_DUPLICATE,REJECT,Exact duplicate payment event removed.
payments,PAYMENT0002545,EXACT_DUPLICATE,REJECT,Exact duplicate payment event removed.
payments,PAYMENT0001532,EXACT_DUPLICATE,REJECT,Exact duplicate payment event removed.
payments,PAYMENT0002380,EXACT_DUPLICATE,REJECT,Exact duplicate payment event removed.
payments,PAYMENT0000056,EXACT_DUPLICATE,REJECT,Exact duplicate payment event removed.
payments,PAYMENT0012285,EXACT_DUPLICATE,REJECT,Exact duplicate payment event removed.
payments,PAYMENT0017129,EXACT_DUPLICATE,REJECT,Exact duplicate payment event removed.
payments,PAYMENT0002623,EXACT_DUPLICATE,REJECT,Exact duplicate payment event removed.
payments,PAYMENT0019683,EXACT_DUPLICATE,REJECT,Exact duplicate payment event removed.
payments,PAYMENT0023824,EXACT_DUPLICATE,REJECT,Exact duplicate payment event removed.
payments,PAYMENT0011956,EXACT_DUPLICATE,REJECT,Exact duplicate payment event removed.
payments,PAYMENT0010093,EXACT_DUPLICATE,REJECT,Exact duplicate payment event removed.
payments,PAYMENT0014435,EXACT_DUPLICATE,REJECT,Exact duplicate payment event removed.
payments,PAYMENT0003389,EXACT_DUPLICATE,REJECT,Exact duplicate payment event removed.
payments,PAYMENT0005033,EXACT_DUPLICATE,REJECT,Exact duplicate payment event removed.
payments,PAYMENT0004736,EXACT_DUPLICATE,REJECT,Exact duplicate payment event removed.
payments,PAYMENT0014926,EXACT_DUPLICATE,REJECT,Exact duplicate payment event removed.
payments,PAYMENT0001447,EXACT_DUPLICATE,REJECT,Exact duplicate payment event removed.
payments,PAYMENT0015695,EXACT_DUPLICATE,REJECT,Exact duplicate payment event removed.
payments,PAYMENT0014387,EXACT_DUPLICATE,REJECT,Exact duplicate payment event removed.
payments,PAYMENT0009776,EXACT_DUPLICATE,REJECT,Exact duplicate payment event removed.
payments,PAYMENT0001420,EXACT_DUPLICATE,REJECT,Exact duplicate payment event removed.
payments,PAYMENT0008537,EXACT_DUPLICATE,REJECT,Exact duplicate payment event removed.
payments,PAYMENT0002592,EXACT_DUPLICATE,REJECT,Exact duplicate payment event removed.
payments,PAYMENT0023070,EXACT_DUPLICATE,REJECT,Exact duplicate payment event removed.
payments,PAYMENT0016808,EXACT_DUPLICATE,REJECT,Exact duplicate payment event removed.
payments,PAYMENT0024049,EXACT_DUPLICATE,REJECT,Exact duplicate payment event removed.
payments,PAYMENT0018772,EXACT_DUPLICATE,REJECT,Exact duplicate payment event removed.
payments,PAYMENT0008010,EXACT_DUPLICATE,REJECT,Exact duplicate payment event removed.
payments,PAYMENT0000601,EXACT_DUPLICATE,REJECT,Exact duplicate payment event removed.
payments,PAYMENT0004602,EXACT_DUPLICATE,REJECT,Exact duplicate payment event removed.
payments,PAYMENT0013787,EXACT_DUPLICATE,REJECT,Exact duplicate payment event removed.
payments,PAYMENT0024692,EXACT_DUPLICATE,REJECT,Exact duplicate payment event removed.
payments,PAYMENT0019275,EXACT_DUPLICATE,REJECT,Exact duplicate payment event removed.
payments,PAYMENT0013716,EXACT_DUPLICATE,REJECT,Exact duplicate payment event removed.
payments,PAYMENT0001916,EXACT_DUPLICATE,REJECT,Exact duplicate payment event removed.
payments,PAYMENT0018816,EXACT_DUPLICATE,REJECT,Exact duplicate payment event removed.
payments,PAYMENT0009018,EXACT_DUPLICATE,REJECT,Exact duplicate payment event removed.
payments,PAYMENT0024795,EXACT_DUPLICATE,REJECT,Exact duplicate payment event removed.
payments,PAYMENT0018330,EXACT_DUPLICATE,REJECT,Exact duplicate payment event removed.
payments,PAYMENT0003115,EXACT_DUPLICATE,REJECT,Exact duplicate payment event removed.
payments,PAYMENT0008019,EXACT_DUPLICATE,REJECT,Exact duplicate payment event removed.
payments,PAYMENT0001408,EXACT_DUPLICATE,REJECT,Exact duplicate payment event removed.
payments,PAYMENT0002131,EXACT_DUPLICATE,REJECT,Exact duplicate payment event removed.
payments,PAYMENT0009387,EXACT_DUPLICATE,REJECT,Exact duplicate payment event removed.
payments,PAYMENT0005683,EXACT_DUPLICATE,REJECT,Exact duplicate payment event removed.
payments,PAYMENT0020190,EXACT_DUPLICATE,REJECT,Exact duplicate payment event removed.
payments,PAYMENT0006253,EXACT_DUPLICATE,REJECT,Exact duplicate payment event removed.
payments,PAYMENT0024581,EXACT_DUPLICATE,REJECT,Exact duplicate payment event removed.
payments,PAYMENT0001701,EXACT_DUPLICATE,REJECT,Exact duplicate payment event removed.
payments,PAYMENT0011957,EXACT_DUPLICATE,REJECT,Exact duplicate payment event removed.
payments,PAYMENT0017593,EXACT_DUPLICATE,REJECT,Exact duplicate payment event removed.
payments,PAYMENT0012974,EXACT_DUPLICATE,REJECT,Exact duplicate payment event removed.
payments,PAYMENT0014335,EXACT_DUPLICATE,REJECT,Exact duplicate payment event removed.
payments,PAYMENT0016467,EXACT_DUPLICATE,REJECT,Exact duplicate payment event removed.
payments,PAYMENT0000553,EXACT_DUPLICATE,REJECT,Exact duplicate payment event removed.
payments,PAYMENT0013775,EXACT_DUPLICATE,REJECT,Exact duplicate payment event removed.
payments,PAYMENT0013309,EXACT_DUPLICATE,REJECT,Exact duplicate payment event removed.
payments,PAYMENT0019599,EXACT_DUPLICATE,REJECT,Exact duplicate payment event removed.
payments,PAYMENT0001421,EXACT_DUPLICATE,REJECT,Exact duplicate payment event removed.
payments,PAYMENT0006597,EXACT_DUPLICATE,REJECT,Exact duplicate payment event removed.
payments,PAYMENT0002478,EXACT_DUPLICATE,REJECT,Exact duplicate payment event removed.
payments,PAYMENT0019119,EXACT_DUPLICATE,REJECT,Exact duplicate payment event removed.
payments,PAYMENT0002667,EXACT_DUPLICATE,REJECT,Exact duplicate payment event removed.
payments,PAYMENT0000149,EXACT_DUPLICATE,REJECT,Exact duplicate payment event removed.
payments,PAYMENT0006686,EXACT_DUPLICATE,REJECT,Exact duplicate payment event removed.
payments,PAYMENT0018309,EXACT_DUPLICATE,REJECT,Exact duplicate payment event removed.
payments,PAYMENT0011031,EXACT_DUPLICATE,REJECT,Exact duplicate payment event removed.
payments,PAYMENT0010564,EXACT_DUPLICATE,REJECT,Exact duplicate payment event removed.
payments,PAYMENT0014116,EXACT_DUPLICATE,REJECT,Exact duplicate payment event removed.
payments,PAYMENT0017896,EXACT_DUPLICATE,REJECT,Exact duplicate payment event removed.
payments,PAYMENT0004967,EXACT_DUPLICATE,REJECT,Exact duplicate payment event removed.
payments,PAYMENT0010273,EXACT_DUPLICATE,REJECT,Exact duplicate payment event removed.
payments,PAYMENT0010099,EXACT_DUPLICATE,REJECT,Exact duplicate payment event removed.
payments,PAYMENT0014915,EXACT_DUPLICATE,REJECT,Exact duplicate payment event removed.
payments,PAYMENT0012267,EXACT_DUPLICATE,REJECT,Exact duplicate payment event removed.
payments,PAYMENT0024817,EXACT_DUPLICATE,REJECT,Exact duplicate payment event removed.
payments,PAYMENT0009914,EXACT_DUPLICATE,REJECT,Exact duplicate payment event removed.
payments,PAYMENT0014983,EXACT_DUPLICATE,REJECT,Exact duplicate payment event removed.
payments,PAYMENT0009521,EXACT_DUPLICATE,REJECT,Exact duplicate payment event removed.
payments,PAYMENT0014663,EXACT_DUPLICATE,REJECT,Exact duplicate payment event removed.
payments,PAYMENT0003713,EXACT_DUPLICATE,REJECT,Exact duplicate payment event removed.
payments,PAYMENT0009866,EXACT_DUPLICATE,REJECT,Exact duplicate payment event removed.
payments,PAYMENT0009366,EXACT_DUPLICATE,REJECT,Exact duplicate payment event removed.
payments,PAYMENT0015660,EXACT_DUPLICATE,REJECT,Exact duplicate payment event removed.
payments,PAYMENT0020317,EXACT_DUPLICATE,REJECT,Exact duplicate payment event removed.
payments,PAYMENT0015766,EXACT_DUPLICATE,REJECT,Exact duplicate payment event removed.
payments,PAYMENT0024649,EXACT_DUPLICATE,REJECT,Exact duplicate payment event removed.
payments,PAYMENT0007967,EXACT_DUPLICATE,REJECT,Exact duplicate payment event removed.
payments,PAYMENT0005088,EXACT_DUPLICATE,REJECT,Exact duplicate payment event removed.
payments,PAYMENT0024775,EXACT_DUPLICATE,REJECT,Exact duplicate payment event removed.
payments,PAYMENT0024144,EXACT_DUPLICATE,REJECT,Exact duplicate payment event removed.
payments,PAYMENT0002555,EXACT_DUPLICATE,REJECT,Exact duplicate payment event removed.
payments,PAYMENT0020422,EXACT_DUPLICATE,REJECT,Exact duplicate payment event removed.
payments,PAYMENT0008730,EXACT_DUPLICATE,REJECT,Exact duplicate payment event removed.
payments,PAYMENT0013211,EXACT_DUPLICATE,REJECT,Exact duplicate payment event removed.
payments,PAYMENT0020123,EXACT_DUPLICATE,REJECT,Exact duplicate payment event removed.
payments,PAYMENT0014131,EXACT_DUPLICATE,REJECT,Exact duplicate payment event removed.
payments,PAYMENT0010962,EXACT_DUPLICATE,REJECT,Exact duplicate payment event removed.
payments,PAYMENT0015220,EXACT_DUPLICATE,REJECT,Exact duplicate payment event removed.
payments,PAYMENT0019038,EXACT_DUPLICATE,REJECT,Exact duplicate payment event removed.
payments,PAYMENT0023405,EXACT_DUPLICATE,REJECT,Exact duplicate payment event removed.
payments,PAYMENT0018773,EXACT_DUPLICATE,REJECT,Exact duplicate payment event removed.
payments,PAYMENT0017511,EXACT_DUPLICATE,REJECT,Exact duplicate payment event removed.
payments,PAYMENT0012412,EXACT_DUPLICATE,REJECT,Exact duplicate payment event removed.
payments,PAYMENT0001570,EXACT_DUPLICATE,REJECT,Exact duplicate payment event removed.
payments,PAYMENT0019150,EXACT_DUPLICATE,REJECT,Exact duplicate payment event removed.
payments,PAYMENT0003028,EXACT_DUPLICATE,REJECT,Exact duplicate payment event removed.
payments,PAYMENT0014170,EXACT_DUPLICATE,REJECT,Exact duplicate payment event removed.
payments,PAYMENT0023597,EXACT_DUPLICATE,REJECT,Exact duplicate payment event removed.
payments,PAYMENT0017636,EXACT_DUPLICATE,REJECT,Exact duplicate payment event removed.
payments,PAYMENT0022870,EXACT_DUPLICATE,REJECT,Exact duplicate payment event removed.
payments,PAYMENT0004683,EXACT_DUPLICATE,REJECT,Exact duplicate payment event removed.
payments,PAYMENT0007568,EXACT_DUPLICATE,REJECT,Exact duplicate payment event removed.
payments,PAYMENT0018859,EXACT_DUPLICATE,REJECT,Exact duplicate payment event removed.
payments,PAYMENT0005477,EXACT_DUPLICATE,REJECT,Exact duplicate payment event removed.
payments,PAYMENT0013160,EXACT_DUPLICATE,REJECT,Exact duplicate payment event removed.
payments,PAYMENT0005424,EXACT_DUPLICATE,REJECT,Exact duplicate payment event removed.
payments,PAYMENT0002428,EXACT_DUPLICATE,REJECT,Exact duplicate payment event removed.
payments,PAYMENT0023977,EXACT_DUPLICATE,REJECT,Exact duplicate payment event removed.
payments,PAYMENT0018542,EXACT_DUPLICATE,REJECT,Exact duplicate payment event removed.
payments,PAYMENT0004690,EXACT_DUPLICATE,REJECT,Exact duplicate payment event removed.
payments,PAYMENT0010575,EXACT_DUPLICATE,REJECT,Exact duplicate payment event removed.
payments,PAYMENT0005475,EXACT_DUPLICATE,REJECT,Exact duplicate payment event removed.
payments,PAYMENT0012394,EXACT_DUPLICATE,REJECT,Exact duplicate payment event removed.
payments,PAYMENT0020366,EXACT_DUPLICATE,REJECT,Exact duplicate payment event removed.
payments,PAYMENT0004208,EXACT_DUPLICATE,REJECT,Exact duplicate payment event removed.
payments,PAYMENT0015128,EXACT_DUPLICATE,REJECT,Exact duplicate payment event removed.
payments,PAYMENT0014449,EXACT_DUPLICATE,REJECT,Exact duplicate payment event removed.
payments,PAYMENT0001197,EXACT_DUPLICATE,REJECT,Exact duplicate payment event removed.
payments,PAYMENT0003528,EXACT_DUPLICATE,REJECT,Exact duplicate payment event removed.
payments,PAYMENT0007976,EXACT_DUPLICATE,REJECT,Exact duplicate payment event removed.
payments,PAYMENT0015847,EXACT_DUPLICATE,REJECT,Exact duplicate payment event removed.
payments,PAYMENT0007137,EXACT_DUPLICATE,REJECT,Exact duplicate payment event removed.
payments,PAYMENT0020846,EXACT_DUPLICATE,REJECT,Exact duplicate payment event removed.
payments,PAYMENT0001727,EXACT_DUPLICATE,REJECT,Exact duplicate payment event removed.
payments,PAYMENT0006319,EXACT_DUPLICATE,REJECT,Exact duplicate payment event removed.
payments,PAYMENT0007752,EXACT_DUPLICATE,REJECT,Exact duplicate payment event removed.
payments,PAYMENT0003072,EXACT_DUPLICATE,REJECT,Exact duplicate payment event removed.
payments,PAYMENT0021100,EXACT_DUPLICATE,REJECT,Exact duplicate payment event removed.
payments,PAYMENT0012182,EXACT_DUPLICATE,REJECT,Exact duplicate payment event removed.
payments,PAYMENT0005935,EXACT_DUPLICATE,REJECT,Exact duplicate payment event removed.
payments,PAYMENT0024832,EXACT_DUPLICATE,REJECT,Exact duplicate payment event removed.
payments,PAYMENT0018855,EXACT_DUPLICATE,REJECT,Exact duplicate payment event removed.
payments,PAYMENT0004446,EXACT_DUPLICATE,REJECT,Exact duplicate payment event removed.
payments,PAYMENT0024235,EXACT_DUPLICATE,REJECT,Exact duplicate payment event removed.
payments,PAYMENT0012053,EXACT_DUPLICATE,REJECT,Exact duplicate payment event removed.
payments,PAYMENT0001829,EXACT_DUPLICATE,REJECT,Exact duplicate payment event removed.
payments,PAYMENT0016410,EXACT_DUPLICATE,REJECT,Exact duplicate payment event removed.
payments,PAYMENT0011078,EXACT_DUPLICATE,REJECT,Exact duplicate payment event removed.
payments,PAYMENT0005649,EXACT_DUPLICATE,REJECT,Exact duplicate payment event removed.
payments,PAYMENT0007730,EXACT_DUPLICATE,REJECT,Exact duplicate payment event removed.
payments,PAYMENT0011407,EXACT_DUPLICATE,REJECT,Exact duplicate payment event removed.
payments,PAYMENT0010963,EXACT_DUPLICATE,REJECT,Exact duplicate payment event removed.
payments,PAYMENT0002760,EXACT_DUPLICATE,REJECT,Exact duplicate payment event removed.
payments,PAYMENT0018193,EXACT_DUPLICATE,REJECT,Exact duplicate payment event removed.
payments,PAYMENT0011736,EXACT_DUPLICATE,REJECT,Exact duplicate payment event removed.
payments,PAYMENT0007316,EXACT_DUPLICATE,REJECT,Exact duplicate payment event removed.
payments,PAYMENT0010763,EXACT_DUPLICATE,REJECT,Exact duplicate payment event removed.
payments,PAYMENT0009467,EXACT_DUPLICATE,REJECT,Exact duplicate payment event removed.
payments,PAYMENT0016009,EXACT_DUPLICATE,REJECT,Exact duplicate payment event removed.
payments,PAYMENT0008472,EXACT_DUPLICATE,REJECT,Exact duplicate payment event removed.
payments,PAYMENT0000255,EXACT_DUPLICATE,REJECT,Exact duplicate payment event removed.
payments,PAYMENT0013196,EXACT_DUPLICATE,REJECT,Exact duplicate payment event removed.
payments,PAYMENT0007852,EXACT_DUPLICATE,REJECT,Exact duplicate payment event removed.
payments,PAYMENT0002652,EXACT_DUPLICATE,REJECT,Exact duplicate payment event removed.
payments,PAYMENT0022197,EXACT_DUPLICATE,REJECT,Exact duplicate payment event removed.
payments,PAYMENT0015590,EXACT_DUPLICATE,REJECT,Exact duplicate payment event removed.
payments,PAYMENT0018522,EXACT_DUPLICATE,REJECT,Exact duplicate payment event removed.
payments,PAYMENT0020778,EXACT_DUPLICATE,REJECT,Exact duplicate payment event removed.
payments,PAYMENT0011597,EXACT_DUPLICATE,REJECT,Exact duplicate payment event removed.
payments,PAYMENT0013499,EXACT_DUPLICATE,REJECT,Exact duplicate payment event removed.
payments,PAYMENT0004797,EXACT_DUPLICATE,REJECT,Exact duplicate payment event removed.
payments,PAYMENT0012421,EXACT_DUPLICATE,REJECT,Exact duplicate payment event removed.
payments,PAYMENT0015913,EXACT_DUPLICATE,REJECT,Exact duplicate payment event removed.
payments,PAYMENT0000623,EXACT_DUPLICATE,REJECT,Exact duplicate payment event removed.
payments,PAYMENT0002608,EXACT_DUPLICATE,REJECT,Exact duplicate payment event removed.
payments,PAYMENT0021549,EXACT_DUPLICATE,REJECT,Exact duplicate payment event removed.
payments,PAYMENT0004703,EXACT_DUPLICATE,REJECT,Exact duplicate payment event removed.
payments,PAYMENT0015177,EXACT_DUPLICATE,REJECT,Exact duplicate payment event removed.
payments,PAYMENT0015358,EXACT_DUPLICATE,REJECT,Exact duplicate payment event removed.
payments,PAYMENT0002242,EXACT_DUPLICATE,REJECT,Exact duplicate payment event removed.
payments,PAYMENT0014334,EXACT_DUPLICATE,REJECT,Exact duplicate payment event removed.
payments,PAYMENT0007652,EXACT_DUPLICATE,REJECT,Exact duplicate payment event removed.
payments,PAYMENT0004539,EXACT_DUPLICATE,REJECT,Exact duplicate payment event removed.
payments,PAYMENT0016560,EXACT_DUPLICATE,REJECT,Exact duplicate payment event removed.
payments,PAYMENT0021940,EXACT_DUPLICATE,REJECT,Exact duplicate payment event removed.
payments,PAYMENT0006308,EXACT_DUPLICATE,REJECT,Exact duplicate payment event removed.
payments,PAYMENT0014492,EXACT_DUPLICATE,REJECT,Exact duplicate payment event removed.
payments,PAYMENT0004320,EXACT_DUPLICATE,REJECT,Exact duplicate payment event removed.
payments,PAYMENT0005115,EXACT_DUPLICATE,REJECT,Exact duplicate payment event removed.
payments,PAYMENT0011049,EXACT_DUPLICATE,REJECT,Exact duplicate payment event removed.
payments,PAYMENT0024177,EXACT_DUPLICATE,REJECT,Exact duplicate payment event removed.
payments,PAYMENT0024749,EXACT_DUPLICATE,REJECT,Exact duplicate payment event removed.
payments,PAYMENT0024513,EXACT_DUPLICATE,REJECT,Exact duplicate payment event removed.
payments,PAYMENT0018293,EXACT_DUPLICATE,REJECT,Exact duplicate payment event removed.
payments,PAYMENT0022620,EXACT_DUPLICATE,REJECT,Exact duplicate payment event removed.
payments,PAYMENT0012093,EXACT_DUPLICATE,REJECT,Exact duplicate payment event removed.
payments,PAYMENT0000850,EXACT_DUPLICATE,REJECT,Exact duplicate payment event removed.
payments,PAYMENT0004938,EXACT_DUPLICATE,REJECT,Exact duplicate payment event removed.
payments,PAYMENT0012997,EXACT_DUPLICATE,REJECT,Exact duplicate payment event removed.
payments,PAYMENT0020527,EXACT_DUPLICATE,REJECT,Exact duplicate payment event removed.
payments,PAYMENT0001504,EXACT_DUPLICATE,REJECT,Exact duplicate payment event removed.
payments,PAYMENT0007282,EXACT_DUPLICATE,REJECT,Exact duplicate payment event removed.
payments,PAYMENT0016061,EXACT_DUPLICATE,REJECT,Exact duplicate payment event removed.
payments,PAYMENT0019899,EXACT_DUPLICATE,REJECT,Exact duplicate payment event removed.
payments,PAYMENT0021410,EXACT_DUPLICATE,REJECT,Exact duplicate payment event removed.
payments,PAYMENT0007214,EXACT_DUPLICATE,REJECT,Exact duplicate payment event removed.
payments,PAYMENT0017313,EXACT_DUPLICATE,REJECT,Exact duplicate payment event removed.
payments,PAYMENT0006794,EXACT_DUPLICATE,REJECT,Exact duplicate payment event removed.
payments,PAYMENT0010147,EXACT_DUPLICATE,REJECT,Exact duplicate payment event removed.
payments,PAYMENT0024735,EXACT_DUPLICATE,REJECT,Exact duplicate payment event removed.
payments,PAYMENT0015745,EXACT_DUPLICATE,REJECT,Exact duplicate payment event removed.
payments,PAYMENT0022335,EXACT_DUPLICATE,REJECT,Exact duplicate payment event removed.
payments,PAYMENT0002597,EXACT_DUPLICATE,REJECT,Exact duplicate payment event removed.
payments,PAYMENT0018425,EXACT_DUPLICATE,REJECT,Exact duplicate payment event removed.
payments,PAYMENT0023620,EXACT_DUPLICATE,REJECT,Exact duplicate payment event removed.
payments,PAYMENT0017610,EXACT_DUPLICATE,REJECT,Exact duplicate payment event removed.
payments,PAYMENT0020731,EXACT_DUPLICATE,REJECT,Exact duplicate payment event removed.
payments,PAYMENT0004618,EXACT_DUPLICATE,REJECT,Exact duplicate payment event removed.
payments,PAYMENT0017498,EXACT_DUPLICATE,REJECT,Exact duplicate payment event removed.
payments,PAYMENT0001154,EXACT_DUPLICATE,REJECT,Exact duplicate payment event removed.
payments,PAYMENT0001076,EXACT_DUPLICATE,REJECT,Exact duplicate payment event removed.
payments,PAYMENT0019842,EXACT_DUPLICATE,REJECT,Exact duplicate payment event removed.
payments,PAYMENT0017042,EXACT_DUPLICATE,REJECT,Exact duplicate payment event removed.
payments,PAYMENT0024405,EXACT_DUPLICATE,REJECT,Exact duplicate payment event removed.
payments,PAYMENT0018449,EXACT_DUPLICATE,REJECT,Exact duplicate payment event removed.
payments,PAYMENT0007645,EXACT_DUPLICATE,REJECT,Exact duplicate payment event removed.
payments,PAYMENT0001757,EXACT_DUPLICATE,REJECT,Exact duplicate payment event removed.
payments,PAYMENT0005947,EXACT_DUPLICATE,REJECT,Exact duplicate payment event removed.
payments,PAYMENT0023273,EXACT_DUPLICATE,REJECT,Exact duplicate payment event removed.
payments,PAYMENT0022082,EXACT_DUPLICATE,REJECT,Exact duplicate payment event removed.
payments,PAYMENT0014260,EXACT_DUPLICATE,REJECT,Exact duplicate payment event removed.
payments,PAYMENT0004381,EXACT_DUPLICATE,REJECT,Exact duplicate payment event removed.
payments,PAYMENT0014643,EXACT_DUPLICATE,REJECT,Exact duplicate payment event removed.
payments,PAYMENT0022349,EXACT_DUPLICATE,REJECT,Exact duplicate payment event removed.
payments,PAYMENT0016590,EXACT_DUPLICATE,REJECT,Exact duplicate payment event removed.
payments,PAYMENT0008256,EXACT_DUPLICATE,REJECT,Exact duplicate payment event removed.
payments,PAYMENT0009890,EXACT_DUPLICATE,REJECT,Exact duplicate payment event removed.
payments,PAYMENT0024482,EXACT_DUPLICATE,REJECT,Exact duplicate payment event removed.
payments,PAYMENT0007706,EXACT_DUPLICATE,REJECT,Exact duplicate payment event removed.
payments,PAYMENT0023217,EXACT_DUPLICATE,REJECT,Exact duplicate payment event removed.
payments,PAYMENT0006264,EXACT_DUPLICATE,REJECT,Exact duplicate payment event removed.
payments,PAYMENT0022166,EXACT_DUPLICATE,REJECT,Exact duplicate payment event removed.
payments,PAYMENT0021717,EXACT_DUPLICATE,REJECT,Exact duplicate payment event removed.
payments,PAYMENT0002148,EXACT_DUPLICATE,REJECT,Exact duplicate payment event removed.
payments,PAYMENT0003491,EXACT_DUPLICATE,REJECT,Exact duplicate payment event removed.
payments,PAYMENT0024143,EXACT_DUPLICATE,REJECT,Exact duplicate payment event removed.
payments,PAYMENT0023272,EXACT_DUPLICATE,REJECT,Exact duplicate payment event removed.
payments,PAYMENT0023771,EXACT_DUPLICATE,REJECT,Exact duplicate payment event removed.
payments,PAYMENT0007776,EXACT_DUPLICATE,REJECT,Exact duplicate payment event removed.
payments,PAYMENT0011631,EXACT_DUPLICATE,REJECT,Exact duplicate payment event removed.
payments,PAYMENT0006431,EXACT_DUPLICATE,REJECT,Exact duplicate payment event removed.
payments,PAYMENT0015462,EXACT_DUPLICATE,REJECT,Exact duplicate payment event removed.
payments,PAYMENT0016020,EXACT_DUPLICATE,REJECT,Exact duplicate payment event removed.
payments,PAYMENT0000902,EXACT_DUPLICATE,REJECT,Exact duplicate payment event removed.
payments,PAYMENT0016667,EXACT_DUPLICATE,REJECT,Exact duplicate payment event removed.
payments,PAYMENT0016051,EXACT_DUPLICATE,REJECT,Exact duplicate payment event removed.
payments,PAYMENT0003561,EXACT_DUPLICATE,REJECT,Exact duplicate payment event removed.
payments,PAYMENT0024383,EXACT_DUPLICATE,REJECT,Exact duplicate payment event removed.
payments,PAYMENT0010226,EXACT_DUPLICATE,REJECT,Exact duplicate payment event removed.
payments,PAYMENT0012248,EXACT_DUPLICATE,REJECT,Exact duplicate payment event removed.
payments,PAYMENT0006713,EXACT_DUPLICATE,REJECT,Exact duplicate payment event removed.
payments,PAYMENT0009510,EXACT_DUPLICATE,REJECT,Exact duplicate payment event removed.
payments,PAYMENT0016338,EXACT_DUPLICATE,REJECT,Exact duplicate payment event removed.
payments,PAYMENT0004253,EXACT_DUPLICATE,REJECT,Exact duplicate payment event removed.
payments,PAYMENT0013110,EXACT_DUPLICATE,REJECT,Exact duplicate payment event removed.
payments,PAYMENT0006360,EXACT_DUPLICATE,REJECT,Exact duplicate payment event removed.
payments,PAYMENT0008983,EXACT_DUPLICATE,REJECT,Exact duplicate payment event removed.
payments,PAYMENT0019305,EXACT_DUPLICATE,REJECT,Exact duplicate payment event removed.
payments,PAYMENT0020482,EXACT_DUPLICATE,REJECT,Exact duplicate payment event removed.
payments,PAYMENT0015136,EXACT_DUPLICATE,REJECT,Exact duplicate payment event removed.
payments,PAYMENT0012223,EXACT_DUPLICATE,REJECT,Exact duplicate payment event removed.
payments,PAYMENT0012773,EXACT_DUPLICATE,REJECT,Exact duplicate payment event removed.
payments,PAYMENT0020332,EXACT_DUPLICATE,REJECT,Exact duplicate payment event removed.
payments,PAYMENT0006739,EXACT_DUPLICATE,REJECT,Exact duplicate payment event removed.
payments,PAYMENT0012689,EXACT_DUPLICATE,REJECT,Exact duplicate payment event removed.
payments,PAYMENT0020121,EXACT_DUPLICATE,REJECT,Exact duplicate payment event removed.
payments,PAYMENT0002160,EXACT_DUPLICATE,REJECT,Exact duplicate payment event removed.
payments,PAYMENT0004999,EXACT_DUPLICATE,REJECT,Exact duplicate payment event removed.
payments,PAYMENT0005702,EXACT_DUPLICATE,REJECT,Exact duplicate payment event removed.
payments,PAYMENT0020914,EXACT_DUPLICATE,REJECT,Exact duplicate payment event removed.
payments,PAYMENT0002588,EXACT_DUPLICATE,REJECT,Exact duplicate payment event removed.
payments,PAYMENT0015956,EXACT_DUPLICATE,REJECT,Exact duplicate payment event removed.
payments,PAYMENT0010530,EXACT_DUPLICATE,REJECT,Exact duplicate payment event removed.
payments,PAYMENT0011853,EXACT_DUPLICATE,REJECT,Exact duplicate payment event removed.
payments,PAYMENT0002092,EXACT_DUPLICATE,REJECT,Exact duplicate payment event removed.
payments,PAYMENT0016081,EXACT_DUPLICATE,REJECT,Exact duplicate payment event removed.
payments,PAYMENT0002064,EXACT_DUPLICATE,REJECT,Exact duplicate payment event removed.
payments,PAYMENT0000199,EXACT_DUPLICATE,REJECT,Exact duplicate payment event removed.
payments,PAYMENT0023444,EXACT_DUPLICATE,REJECT,Exact duplicate payment event removed.
payments,PAYMENT0010607,EXACT_DUPLICATE,REJECT,Exact duplicate payment event removed.
payments,PAYMENT0013553,EXACT_DUPLICATE,REJECT,Exact duplicate payment event removed.
payments,PAYMENT0024852,EXACT_DUPLICATE,REJECT,Exact duplicate payment event removed.
payments,PAYMENT0011679,EXACT_DUPLICATE,REJECT,Exact duplicate payment event removed.
payments,PAYMENT0012359,EXACT_DUPLICATE,REJECT,Exact duplicate payment event removed.
payments,PAYMENT0014337,EXACT_DUPLICATE,REJECT,Exact duplicate payment event removed.
payments,PAYMENT0009536,EXACT_DUPLICATE,REJECT,Exact duplicate payment event removed.
payments,PAYMENT0024117,EXACT_DUPLICATE,REJECT,Exact duplicate payment event removed.
payments,PAYMENT0021584,EXACT_DUPLICATE,REJECT,Exact duplicate payment event removed.
payments,PAYMENT0001614,EXACT_DUPLICATE,REJECT,Exact duplicate payment event removed.
payments,PAYMENT0000311,EXACT_DUPLICATE,REJECT,Exact duplicate payment event removed.
payments,PAYMENT0011218,EXACT_DUPLICATE,REJECT,Exact duplicate payment event removed.
payments,PAYMENT0011890,EXACT_DUPLICATE,REJECT,Exact duplicate payment event removed.
payments,PAYMENT0004963,EXACT_DUPLICATE,REJECT,Exact duplicate payment event removed.
payments,PAYMENT0003097,EXACT_DUPLICATE,REJECT,Exact duplicate payment event removed.
payments,PAYMENT0001385,EXACT_DUPLICATE,REJECT,Exact duplicate payment event removed.
payments,PAYMENT0012586,EXACT_DUPLICATE,REJECT,Exact duplicate payment event removed.
payments,PAYMENT0020353,EXACT_DUPLICATE,REJECT,Exact duplicate payment event removed.
payments,PAYMENT0024035,EXACT_DUPLICATE,REJECT,Exact duplicate payment event removed.
payments,PAYMENT0004471,EXACT_DUPLICATE,REJECT,Exact duplicate payment event removed.
payments,PAYMENT0013254,EXACT_DUPLICATE,REJECT,Exact duplicate payment event removed.
payments,PAYMENT0017562,EXACT_DUPLICATE,REJECT,Exact duplicate payment event removed.
payments,PAYMENT0008372,EXACT_DUPLICATE,REJECT,Exact duplicate payment event removed.
payments,PAYMENT0018488,EXACT_DUPLICATE,REJECT,Exact duplicate payment event removed.
payments,PAYMENT0023113,EXACT_DUPLICATE,REJECT,Exact duplicate payment event removed.
payments,PAYMENT0003603,EXACT_DUPLICATE,REJECT,Exact duplicate payment event removed.
payments,PAYMENT0018854,EXACT_DUPLICATE,REJECT,Exact duplicate payment event removed.
payments,PAYMENT0002258,EXACT_DUPLICATE,REJECT,Exact duplicate payment event removed.
payments,PAYMENT0002723,EXACT_DUPLICATE,REJECT,Exact duplicate payment event removed.
payments,PAYMENT0017719,EXACT_DUPLICATE,REJECT,Exact duplicate payment event removed.
payments,PAYMENT0000849,EXACT_DUPLICATE,REJECT,Exact duplicate payment event removed.
payments,PAYMENT0003649,EXACT_DUPLICATE,REJECT,Exact duplicate payment event removed.
payments,PAYMENT0001168,EXACT_DUPLICATE,REJECT,Exact duplicate payment event removed.
payments,PAYMENT0007952,EXACT_DUPLICATE,REJECT,Exact duplicate payment event removed.
payments,PAYMENT0005099,EXACT_DUPLICATE,REJECT,Exact duplicate payment event removed.
payments,PAYMENT0005064,EXACT_DUPLICATE,REJECT,Exact duplicate payment event removed.
payments,PAYMENT0021199,EXACT_DUPLICATE,REJECT,Exact duplicate payment event removed.
payments,PAYMENT0008968,EXACT_DUPLICATE,REJECT,Exact duplicate payment event removed.
payments,PAYMENT0024051,EXACT_DUPLICATE,REJECT,Exact duplicate payment event removed.
payments,PAYMENT0021328,EXACT_DUPLICATE,REJECT,Exact duplicate payment event removed.
payments,PAYMENT0010637,EXACT_DUPLICATE,REJECT,Exact duplicate payment event removed.
payments,PAYMENT0001690,EXACT_DUPLICATE,REJECT,Exact duplicate payment event removed.
payments,PAYMENT0005546,EXACT_DUPLICATE,REJECT,Exact duplicate payment event removed.
payments,PAYMENT0005089,EXACT_DUPLICATE,REJECT,Exact duplicate payment event removed.
payments,PAYMENT0014618,EXACT_DUPLICATE,REJECT,Exact duplicate payment event removed.
payments,PAYMENT0001412,EXACT_DUPLICATE,REJECT,Exact duplicate payment event removed.
payments,PAYMENT0003059,EXACT_DUPLICATE,REJECT,Exact duplicate payment event removed.
payments,PAYMENT0023686,EXACT_DUPLICATE,REJECT,Exact duplicate payment event removed.
payments,PAYMENT0009554,EXACT_DUPLICATE,REJECT,Exact duplicate payment event removed.
payments,PAYMENT0015683,EXACT_DUPLICATE,REJECT,Exact duplicate payment event removed.
payments,PAYMENT0005705,EXACT_DUPLICATE,REJECT,Exact duplicate payment event removed.
payments,PAYMENT0019008,EXACT_DUPLICATE,REJECT,Exact duplicate payment event removed.
payments,PAYMENT0021087,EXACT_DUPLICATE,REJECT,Exact duplicate payment event removed.
payments,PAYMENT0000724,EXACT_DUPLICATE,REJECT,Exact duplicate payment event removed.
payments,PAYMENT0019967,EXACT_DUPLICATE,REJECT,Exact duplicate payment event removed.
payments,PAYMENT0008574,EXACT_DUPLICATE,REJECT,Exact duplicate payment event removed.
payments,PAYMENT0002247,EXACT_DUPLICATE,REJECT,Exact duplicate payment event removed.
payments,PAYMENT0012203,EXACT_DUPLICATE,REJECT,Exact duplicate payment event removed.
payments,PAYMENT0015883,EXACT_DUPLICATE,REJECT,Exact duplicate payment event removed.
payments,PAYMENT0022941,EXACT_DUPLICATE,REJECT,Exact duplicate payment event removed.
payments,PAYMENT0004449,EXACT_DUPLICATE,REJECT,Exact duplicate payment event removed.
payments,PAYMENT0021031,EXACT_DUPLICATE,REJECT,Exact duplicate payment event removed.
payments,PAYMENT0006900,EXACT_DUPLICATE,REJECT,Exact duplicate payment event removed.
payments,PAYMENT0007595,EXACT_DUPLICATE,REJECT,Exact duplicate payment event removed.
payments,PAYMENT0022190,EXACT_DUPLICATE,REJECT,Exact duplicate payment event removed.
payments,PAYMENT0015338,EXACT_DUPLICATE,REJECT,Exact duplicate payment event removed.
payments,PAYMENT0009063,EXACT_DUPLICATE,REJECT,Exact duplicate payment event removed.
payments,PAYMENT0013652,EXACT_DUPLICATE,REJECT,Exact duplicate payment event removed.
payments,PAYMENT0004068,EXACT_DUPLICATE,REJECT,Exact duplicate payment event removed.
payments,PAYMENT0024822,EXACT_DUPLICATE,REJECT,Exact duplicate payment event removed.
payments,PAYMENT0012649,EXACT_DUPLICATE,REJECT,Exact duplicate payment event removed.
payments,PAYMENT0007650,EXACT_DUPLICATE,REJECT,Exact duplicate payment event removed.
payments,PAYMENT0018685,EXACT_DUPLICATE,REJECT,Exact duplicate payment event removed.
payments,PAYMENT0000076,EXACT_DUPLICATE,REJECT,Exact duplicate payment event removed.
payments,PAYMENT0006902,EXACT_DUPLICATE,REJECT,Exact duplicate payment event removed.
payments,PAYMENT0002993,EXACT_DUPLICATE,REJECT,Exact duplicate payment event removed.
payments,PAYMENT0023749,EXACT_DUPLICATE,REJECT,Exact duplicate payment event removed.
payments,PAYMENT0021937,EXACT_DUPLICATE,REJECT,Exact duplicate payment event removed.
payments,PAYMENT0004542,EXACT_DUPLICATE,REJECT,Exact duplicate payment event removed.
payments,PAYMENT0003492,EXACT_DUPLICATE,REJECT,Exact duplicate payment event removed.
payments,PAYMENT0022504,EXACT_DUPLICATE,REJECT,Exact duplicate payment event removed.
payments,PAYMENT0020892,EXACT_DUPLICATE,REJECT,Exact duplicate payment event removed.
payments,PAYMENT0008392,EXACT_DUPLICATE,REJECT,Exact duplicate payment event removed.
payments,PAYMENT0017700,EXACT_DUPLICATE,REJECT,Exact duplicate payment event removed.
payments,PAYMENT0010506,EXACT_DUPLICATE,REJECT,Exact duplicate payment event removed.
payments,PAYMENT0009792,EXACT_DUPLICATE,REJECT,Exact duplicate payment event removed.
payments,PAYMENT0007575,EXACT_DUPLICATE,REJECT,Exact duplicate payment event removed.
payments,PAYMENT0011193,EXACT_DUPLICATE,REJECT,Exact duplicate payment event removed.
payments,PAYMENT0016597,EXACT_DUPLICATE,REJECT,Exact duplicate payment event removed.
payments,PAYMENT0003282,EXACT_DUPLICATE,REJECT,Exact duplicate payment event removed.
payments,PAYMENT0003197,EXACT_DUPLICATE,REJECT,Exact duplicate payment event removed.
payments,PAYMENT0001763,EXACT_DUPLICATE,REJECT,Exact duplicate payment event removed.
payments,PAYMENT0014083,EXACT_DUPLICATE,REJECT,Exact duplicate payment event removed.
payments,PAYMENT0005342,EXACT_DUPLICATE,REJECT,Exact duplicate payment event removed.
payments,PAYMENT0023773,EXACT_DUPLICATE,REJECT,Exact duplicate payment event removed.
payments,PAYMENT0000263,EXACT_DUPLICATE,REJECT,Exact duplicate payment event removed.
payments,PAYMENT0023934,EXACT_DUPLICATE,REJECT,Exact duplicate payment event removed.
payments,PAYMENT0001843,EXACT_DUPLICATE,REJECT,Exact duplicate payment event removed.
payments,PAYMENT0002198,EXACT_DUPLICATE,REJECT,Exact duplicate payment event removed.
payments,PAYMENT0019704,EXACT_DUPLICATE,REJECT,Exact duplicate payment event removed.
payments,PAYMENT0010098,EXACT_DUPLICATE,REJECT,Exact duplicate payment event removed.
payments,PAYMENT0018106,EXACT_DUPLICATE,REJECT,Exact duplicate payment event removed.
payments,PAYMENT0003660,EXACT_DUPLICATE,REJECT,Exact duplicate payment event removed.
payments,PAYMENT0006405,EXACT_DUPLICATE,REJECT,Exact duplicate payment event removed.
payments,PAYMENT0018013,EXACT_DUPLICATE,REJECT,Exact duplicate payment event removed.
payments,PAYMENT0009711,EXACT_DUPLICATE,REJECT,Exact duplicate payment event removed.
payments,PAYMENT0012549,EXACT_DUPLICATE,REJECT,Exact duplicate payment event removed.
payments,PAYMENT0012032,EXACT_DUPLICATE,REJECT,Exact duplicate payment event removed.
payments,PAYMENT0024310,EXACT_DUPLICATE,REJECT,Exact duplicate payment event removed.
payments,PAYMENT0004311,EXACT_DUPLICATE,REJECT,Exact duplicate payment event removed.
payments,PAYMENT0010670,EXACT_DUPLICATE,REJECT,Exact duplicate payment event removed.
payments,PAYMENT0002309,EXACT_DUPLICATE,REJECT,Exact duplicate payment event removed.
payments,PAYMENT0007966,EXACT_DUPLICATE,REJECT,Exact duplicate payment event removed.
payments,PAYMENT0016035,EXACT_DUPLICATE,REJECT,Exact duplicate payment event removed.
payments,PAYMENT0008877,EXACT_DUPLICATE,REJECT,Exact duplicate payment event removed.
payments,PAYMENT0002481,EXACT_DUPLICATE,REJECT,Exact duplicate payment event removed.
payments,PAYMENT0021607,EXACT_DUPLICATE,REJECT,Exact duplicate payment event removed.
payments,PAYMENT0007851,EXACT_DUPLICATE,REJECT,Exact duplicate payment event removed.
payments,PAYMENT0003504,EXACT_DUPLICATE,REJECT,Exact duplicate payment event removed.
payments,PAYMENT0016929,EXACT_DUPLICATE,REJECT,Exact duplicate payment event removed.
payments,PAYMENT0000794,EXACT_DUPLICATE,REJECT,Exact duplicate payment event removed.
payments,PAYMENT0011657,EXACT_DUPLICATE,REJECT,Exact duplicate payment event removed.
payments,PAYMENT0023292,EXACT_DUPLICATE,REJECT,Exact duplicate payment event removed.
payments,PAYMENT0014986,EXACT_DUPLICATE,REJECT,Exact duplicate payment event removed.
payments,PAYMENT0016054,EXACT_DUPLICATE,REJECT,Exact duplicate payment event removed.
payments,PAYMENT0007330,EXACT_DUPLICATE,REJECT,Exact duplicate payment event removed.
payments,PAYMENT0009882,EXACT_DUPLICATE,REJECT,Exact duplicate payment event removed.
payments,PAYMENT0002291,EXACT_DUPLICATE,REJECT,Exact duplicate payment event removed.
payments,PAYMENT0017423,EXACT_DUPLICATE,REJECT,Exact duplicate payment event removed.
payments,PAYMENT0017969,EXACT_DUPLICATE,REJECT,Exact duplicate payment event removed.
payments,PAYMENT0021064,EXACT_DUPLICATE,REJECT,Exact duplicate payment event removed.
payments,PAYMENT0006086,EXACT_DUPLICATE,REJECT,Exact duplicate payment event removed.
payments,PAYMENT0004560,EXACT_DUPLICATE,REJECT,Exact duplicate payment event removed.
payments,PAYMENT0001208,EXACT_DUPLICATE,REJECT,Exact duplicate payment event removed.
payments,PAYMENT0005199,EXACT_DUPLICATE,REJECT,Exact duplicate payment event removed.
payments,PAYMENT0012712,EXACT_DUPLICATE,REJECT,Exact duplicate payment event removed.
payments,PAYMENT0003341,EXACT_DUPLICATE,REJECT,Exact duplicate payment event removed.
payments,PAYMENT0013533,EXACT_DUPLICATE,REJECT,Exact duplicate payment event removed.
payments,PAYMENT0004408,EXACT_DUPLICATE,REJECT,Exact duplicate payment event removed.
payments,PAYMENT0010252,EXACT_DUPLICATE,REJECT,Exact duplicate payment event removed.
payments,PAYMENT0021799,EXACT_DUPLICATE,REJECT,Exact duplicate payment event removed.
payments,PAYMENT0011614,EXACT_DUPLICATE,REJECT,Exact duplicate payment event removed.
payments,PAYMENT0022236,EXACT_DUPLICATE,REJECT,Exact duplicate payment event removed.
payments,PAYMENT0016651,EXACT_DUPLICATE,REJECT,Exact duplicate payment event removed.
payments,PAYMENT0012905,EXACT_DUPLICATE,REJECT,Exact duplicate payment event removed.
payments,PAYMENT0000108,EXACT_DUPLICATE,REJECT,Exact duplicate payment event removed.
payments,PAYMENT0021063,EXACT_DUPLICATE,REJECT,Exact duplicate payment event removed.
payments,PAYMENT0013853,EXACT_DUPLICATE,REJECT,Exact duplicate payment event removed.
payments,PAYMENT0006908,EXACT_DUPLICATE,REJECT,Exact duplicate payment event removed.
payments,PAYMENT0007541,EXACT_DUPLICATE,REJECT,Exact duplicate payment event removed.
payments,PAYMENT0009839,EXACT_DUPLICATE,REJECT,Exact duplicate payment event removed.
payments,PAYMENT0020534,EXACT_DUPLICATE,REJECT,Exact duplicate payment event removed.
payments,PAYMENT0002494,EXACT_DUPLICATE,REJECT,Exact duplicate payment event removed.
payments,PAYMENT0022330,EXACT_DUPLICATE,REJECT,Exact duplicate payment event removed.
payments,PAYMENT0022466,EXACT_DUPLICATE,REJECT,Exact duplicate payment event removed.
payments,PAYMENT0014065,EXACT_DUPLICATE,REJECT,Exact duplicate payment event removed.
payments,PAYMENT0012521,EXACT_DUPLICATE,REJECT,Exact duplicate payment event removed.
payments,PAYMENT0018341,EXACT_DUPLICATE,REJECT,Exact duplicate payment event removed.
payments,PAYMENT0017506,EXACT_DUPLICATE,REJECT,Exact duplicate payment event removed.
payments,PAYMENT0017426,EXACT_DUPLICATE,REJECT,Exact duplicate payment event removed.
payments,PAYMENT0019831,EXACT_DUPLICATE,REJECT,Exact duplicate payment event removed.
payments,PAYMENT0014645,EXACT_DUPLICATE,REJECT,Exact duplicate payment event removed.
payments,PAYMENT0014099,EXACT_DUPLICATE,REJECT,Exact duplicate payment event removed.
payments,PAYMENT0006904,EXACT_DUPLICATE,REJECT,Exact duplicate payment event removed.
